controller,difficulty,seed,success,collision,timeout,steps,time_s,path_m,min_range_m,progress,max_tilt_deg,motor_saturation_frac,motor_effort,decision_us
fly_heuristic_6dof,sparse,15000,True,False,False,1478,29.560000000000002,110.66825039532516,1.6230177128859997,0.9755456615899668,37.95385493302534,0.04059539918809202,517.2684320384379,100.2426038974443
fly_heuristic_6dof,sparse,15001,True,False,False,1073,21.46,85.67814269605114,2.174506156617735,0.9750816854805383,27.859049860824886,0.05591798695246971,364.588649837253,97.2179460103821
fly_heuristic_6dof,sparse,15002,True,False,False,1365,27.3,102.21726495733408,1.575381404394358,0.97571191367549,40.89749985154241,0.046886446886446886,475.6273681967371,100.58532141513948
fly_heuristic_6dof,sparse,15003,True,False,False,1261,25.22,95.37564859873044,1.7102754441918029,0.9756905453400941,40.12035565809342,0.0317208564631245,436.9135598362041,102.19133235042608
fly_heuristic_6dof,sparse,15004,True,False,False,1276,25.52,94.31000170840277,1.5901667251772575,0.9759878185336269,34.474139278825845,0.06583072100313479,451.67528732181233,101.4628163670251
fly_heuristic_6dof,sparse,15005,True,False,False,1353,27.060000000000002,99.08995108496312,1.882842987679305,0.9754342470781441,42.72242153929089,0.05617147080561715,475.40292471773927,98.90955668162543
fly_heuristic_6dof,sparse,15006,True,False,False,1709,34.18,107.69018864439865,0.935696593472966,0.9751126532571704,32.81516901622435,0.06553540081919251,606.3201048738921,100.92418818194942
fly_heuristic_6dof,sparse,15007,True,False,False,1651,33.02,119.45816315309075,1.5287845825492667,0.9751278836200433,40.10913083567965,0.043609933373712904,589.1502207717593,97.43401501102251
fly_heuristic_6dof,sparse,15008,True,False,False,948,18.96,71.59541836532574,2.6205674014224276,0.9756629182613159,35.92068621502888,0.05907172995780591,330.2126586892729,97.178734440105
fly_heuristic_6dof,sparse,15009,True,False,False,1212,24.240000000000002,91.1646319202378,1.6613413419918823,0.9755275528837999,32.536196121853166,0.052805280528052806,429.6683204817959,96.643325510026
fly_heuristic_6dof,sparse,15010,True,False,False,1882,37.64,125.6856597917821,1.6876084522445378,0.9755718476665021,47.10679088357496,0.0871413390010627,696.4659711242361,100.5992596630885
fly_heuristic_6dof,sparse,15011,True,False,False,1005,20.1,74.72283642368006,2.726096952206652,0.975628914245057,35.17484569985655,0.07562189054726368,349.28536448478536,106.64047560625015
modified_fly_6dof,sparse,15000,True,False,False,791,15.82,64.66108536101605,2.8526794619936853,0.976015181644294,28.447695855391334,0.010113780025284451,274.1425698532739,120.66824311117708
modified_fly_6dof,sparse,15001,True,False,False,830,16.6,68.46051923101108,4.461487787091971,0.9754019983789183,28.320464980520477,0.004819277108433735,283.4924469999904,126.08371336962311
modified_fly_6dof,sparse,15002,True,False,False,936,18.72,70.50499641538775,0.7356258563122009,0.9752487014224058,30.465920449841075,0.0,321.91364204911616,125.1470866219069
modified_fly_6dof,sparse,15003,True,False,False,892,17.84,69.60865095710372,1.2125486748121397,0.9750718546535351,28.351306489396617,0.004484304932735426,306.8799447252379,125.58752946522203
modified_fly_6dof,sparse,15004,True,False,False,907,18.14,74.36744466352252,4.449015500463169,0.975928617379935,28.73567280818274,0.0,308.6121632579728,127.50078340385126
modified_fly_6dof,sparse,15005,True,False,False,810,16.2,64.08444373707653,3.4154669627275007,0.9758287164506901,29.210662070120353,0.0,276.84022148289324,124.77612715865958
modified_fly_6dof,sparse,15006,True,False,False,915,18.3,70.96668029302955,1.623333978771655,0.9760890845599917,31.989459218467385,0.013114754098360656,318.43500521274245,120.92844925731356
modified_fly_6dof,sparse,15007,True,False,False,908,18.16,73.23044651423449,4.349714573971866,0.9753321365496962,28.35184123519447,0.004405286343612335,309.73122556914126,123.16722048462947
modified_fly_6dof,sparse,15008,True,False,False,814,16.28,68.13254675398902,5.778274945309795,0.9762693398048372,28.31513759401015,0.0,276.2107086658026,130.051535819018
modified_fly_6dof,sparse,15009,True,False,False,860,17.2,69.46942230588162,4.693668471915293,0.9751932876996412,29.488294381545263,0.0,296.622926651716,123.24275313551689
modified_fly_6dof,sparse,15010,True,False,False,1087,21.740000000000002,74.3287421460798,0.5614188645422815,0.9757094855813611,28.31513759401015,0.01839926402943882,369.29325159975235,123.71433930478388
modified_fly_6dof,sparse,15011,True,False,False,896,17.92,71.38038692333738,3.3940105843302266,0.976189678398756,29.567744056596243,0.004464285714285714,304.31280891261696,123.87829597823189
flywire_raw_6dof,sparse,15000,False,True,False,608,12.16,30.38455753228434,0.03894066372345052,0.21086415692023253,26.552126156053035,0.0,196.50367593490517,272.98888897731604
flywire_raw_6dof,sparse,15001,False,True,False,642,12.84,32.38022505578838,0.02230380551388929,0.2569261814154029,26.70729217070545,0.0,210.412329896313,270.17333719775263
flywire_raw_6dof,sparse,15002,False,True,False,641,12.82,33.76218565715264,0.0043355943287333885,0.27348323176607947,26.35369413195831,0.0,207.54741941928566,269.4004703376743
flywire_raw_6dof,sparse,15003,False,True,False,715,14.3,40.759387040069385,0.03219117048070897,0.38172528014807316,26.466472402931903,0.005594405594405594,229.8949403796764,275.1838264326102
flywire_raw_6dof,sparse,15004,False,True,False,555,11.1,23.116869620142783,0.023809440556923103,-0.009939474337295584,21.377679684724903,0.0,180.4746992301937,270.1816998301543
flywire_raw_6dof,sparse,15005,False,True,False,1094,21.88,73.23169069077096,0.018430488417097955,0.8040093914759312,26.460470689730673,0.0,353.16291308708327,292.2765380808281
flywire_raw_6dof,sparse,15006,False,True,False,687,13.74,42.99160898992751,0.032847665668637366,0.4564541616338398,26.751915987960217,0.0,226.66065802547914,284.3886955646625
flywire_raw_6dof,sparse,15007,False,True,False,551,11.02,23.155907164162098,0.025061627310430164,-0.006686567009254407,26.087962576066733,0.014519056261343012,177.6542275208542,294.8012720941957
flywire_raw_6dof,sparse,15008,False,True,False,1097,21.94,71.79376564136045,0.010309751159430882,0.6936694570473965,26.751915987960217,0.0,361.07637135719426,257.51686295155775
flywire_raw_6dof,sparse,15009,False,True,False,705,14.1,25.900701585637158,0.010168597859819908,0.04775348853265582,22.990054263363366,0.005673758865248227,227.11908567383375,278.043405792155
flywire_raw_6dof,sparse,15010,False,True,False,639,12.780000000000001,32.38824231989259,0.027211267035118294,0.22151204860348173,26.751915987960217,0.0,209.59530862613005,276.58674771373626
flywire_raw_6dof,sparse,15011,False,True,False,1115,22.3,75.14757204607153,0.030303925613330722,0.8163178242294576,26.751915987960217,0.0,360.8806220964155,263.6943145164399
flywire_bilateral_6dof,sparse,15000,True,False,False,1320,26.400000000000002,94.2553605620004,2.3286143820367253,0.9751446409724513,32.66259238120584,0.006060606060606061,446.9034566375177,372.3917809442024
flywire_bilateral_6dof,sparse,15001,True,False,False,1234,24.68,92.74285199073812,3.990550196248747,0.9757730828763491,29.49427986844738,0.0,417.02596707472514,375.79873725952746
flywire_bilateral_6dof,sparse,15002,True,False,False,1231,24.62,92.51597479990772,4.0964764064110994,0.97597965366059,33.926161348518406,0.01949634443541836,424.5166708682017,371.5924370214464
flywire_bilateral_6dof,sparse,15003,True,False,False,1336,26.72,95.35224352738138,2.3263293166623322,0.9757320831665718,27.233845250239515,0.014970059880239521,453.03073892259965,364.3671012675936
flywire_bilateral_6dof,sparse,15004,True,False,False,918,18.36,66.65785112654494,2.734903101158849,0.975183009976174,33.58913938730163,0.004357298474945534,302.4194352575773,362.39103596333575
flywire_bilateral_6dof,sparse,15005,True,False,False,1679,33.58,118.79505317979856,3.819592510195913,0.9758262682696611,39.261922481521616,0.023823704586063133,595.7310706126221,371.32820081231847
flywire_bilateral_6dof,sparse,15006,True,False,False,942,18.84,68.05788825864539,0.7634172843629616,0.9751376274055102,27.038356017315248,0.0,312.25156594971963,377.0945087604035
flywire_bilateral_6dof,sparse,15007,True,False,False,791,15.82,62.393907335250915,3.4750578808423676,0.975308827154537,27.041672779531158,0.0,258.64780954741013,388.04900050492523
flywire_bilateral_6dof,sparse,15008,True,False,False,821,16.42,63.62584500619999,4.871225387071373,0.9754290912642468,27.03722466968456,0.0,267.58989606262037,371.69183584074807
flywire_bilateral_6dof,sparse,15009,True,False,False,1307,26.14,94.12672277076203,4.047927464624924,0.9755715157082103,33.88118716667978,0.030604437643458302,451.16861886455644,385.0367014575465
flywire_bilateral_6dof,sparse,15010,True,False,False,1289,25.78,94.5342680478408,2.868090822144392,0.975675509793602,29.436047055606437,0.0031031807602792862,436.43211114897974,379.75790196793275
flywire_bilateral_6dof,sparse,15011,True,False,False,1233,24.66,92.3869106574882,4.164644430182413,0.9752445740947849,34.68493134844626,0.0227088402270884,427.01697743628745,389.3522471852576
classical_vfh_6dof,sparse,15000,True,False,False,791,15.82,59.09525031870276,0.321327558895371,0.975845506272424,31.871378172911033,0.0,254.60199817080434,96.26389576376162
classical_vfh_6dof,sparse,15001,True,False,False,680,13.6,59.06666502211029,2.1333059531150123,0.9763007143063795,31.871378172911033,0.0,217.81449272036352,90.86572441875057
classical_vfh_6dof,sparse,15002,True,False,False,675,13.5,59.029898321168396,4.0860221199286,0.9757689058086161,31.871378172911033,0.0,216.00224320050174,92.12505310696699
classical_vfh_6dof,sparse,15003,True,False,False,824,16.48,59.07475534919715,0.07160172059585879,0.9751874349452915,31.871378172911033,0.0,268.2550607405862,86.43947675082724
classical_vfh_6dof,sparse,15004,True,False,False,726,14.52,58.98305930362385,0.8780437020235379,0.9753208922817714,31.871378172911033,0.0,234.26153087630132,93.42707190816137
classical_vfh_6dof,sparse,15005,True,False,False,811,16.22,59.311891392196166,0.6546665319527492,0.9757783884695652,31.871378172911033,0.008631319358816275,266.7084040105117,92.34932886684322
classical_vfh_6dof,sparse,15006,True,False,False,749,14.98,59.26520558041541,0.40590941947191683,0.9757969623317441,31.871378172911033,0.0,243.78750689996153,90.27666113824841
classical_vfh_6dof,sparse,15007,True,False,False,718,14.36,59.11932697138238,1.4654769611065461,0.9759735767409333,31.871378172911033,0.0,232.56719053312136,86.84112884414692
classical_vfh_6dof,sparse,15008,True,False,False,695,13.9,59.276910687255786,1.4918892529492447,0.9754892533260843,31.871378172911033,0.010071942446043165,225.78239615692962,93.12246519344292
classical_vfh_6dof,sparse,15009,True,False,False,687,13.74,59.074235376497185,2.0106330133699495,0.9760633047489606,31.871378172911033,0.0,220.48988112150005,93.2887985051588
classical_vfh_6dof,sparse,15010,True,False,False,675,13.5,59.029898321168396,2.623488020809837,0.9757689058086161,31.871378172911033,0.0,216.00224320050174,88.45512759348256
classical_vfh_6dof,sparse,15011,True,False,False,725,14.5,59.19537858676238,0.5262049093851271,0.9752918359978524,31.871378172911033,0.012413793103448275,237.54370434604624,91.19178611109709
fly_heuristic_6dof,cluttered,15000,True,False,False,984,19.68,73.55843846912339,2.6069848373374587,0.975157093024954,30.297601922267727,0.04878048780487805,341.15084334838065,99.90694040122132
fly_heuristic_6dof,cluttered,15001,True,False,False,1235,24.7,84.86328718698256,1.23091163721341,0.9752662152938755,29.51990039750708,0.045344129554655874,424.7940719044999,101.61033362861494
fly_heuristic_6dof,cluttered,15002,True,False,False,1827,36.54,118.5405649758407,0.9720549200314701,0.975061763601728,27.338628829466877,0.0481663929939792,620.2706176944565,100.62347630373074
fly_heuristic_6dof,cluttered,15003,True,False,False,1326,26.52,91.35823284985011,1.598770895009346,0.9753788850488743,28.90576871340892,0.049773755656108594,461.3916673306315,98.94939135978873
fly_heuristic_6dof,cluttered,15004,True,False,False,1807,36.14,114.96571915968433,0.9107032072252865,0.9752478089144542,29.802431323842907,0.06640841173215274,623.9940870206758,106.81860004675336
fly_heuristic_6dof,cluttered,15005,True,False,False,1890,37.800000000000004,120.69961746111244,0.9637843199464513,0.9750812672755338,30.568268797075568,0.05291005291005291,677.542818521684,104.34157388820363
fly_heuristic_6dof,cluttered,15006,True,False,False,2380,47.6,148.35647739224194,0.6370502417334687,0.9762692354954365,38.68591677035842,0.07226890756302522,846.8568294682091,109.88848771070357
fly_heuristic_6dof,cluttered,15007,True,False,False,1205,24.1,84.96344776968706,0.9864609139017695,0.9755662148138441,26.170791671777668,0.07302904564315353,417.6448875692862,103.17112901248038
fly_heuristic_6dof,cluttered,15008,True,False,False,1408,28.16,96.27022848624392,1.2522145420394295,0.9756862254012479,31.65523174819273,0.048295454545454544,491.71389894001095,98.44634570816362
fly_heuristic_6dof,cluttered,15009,True,False,False,1020,20.400000000000002,76.94215630711608,1.6109936762726154,0.9750919762772909,31.187419745717047,0.01568627450980392,344.5873157994214,104.98648363293385
fly_heuristic_6dof,cluttered,15010,True,False,False,2127,42.54,136.5479562543114,1.0854667301845609,0.9761307831155309,45.891485832062806,0.05077574047954866,760.9821272174418,104.50594457605139
fly_heuristic_6dof,cluttered,15011,True,False,False,1916,38.32,123.61830398307751,1.4188644425283266,0.9761149921839088,30.78804556548178,0.081419624217119,674.152726920582,107.60181468264015
modified_fly_6dof,cluttered,15000,True,False,False,1043,20.86,78.41125500914166,2.118893031305509,0.9759534818121869,27.887818135939654,0.003835091083413231,356.37536435398573,122.57792835277273
modified_fly_6dof,cluttered,15001,True,False,False,1180,23.6,85.66490108454612,1.853821719525019,0.9751556984075911,41.70644296228472,0.02711864406779661,417.6750736756957,116.77641137424162
modified_fly_6dof,cluttered,15002,True,False,False,1289,25.78,84.99991549099362,0.6557212766250213,0.9750657592006772,32.68102895214742,0.015515903801396431,440.1472490059092,123.53425247208345
modified_fly_6dof,cluttered,15003,True,False,False,1502,30.04,93.69312428868967,1.247125572846866,0.9755982890846079,31.318355212811213,0.010652463382157125,513.6324587459743,119.02529792117073
modified_fly_6dof,cluttered,15004,True,False,False,936,18.72,69.72183002507595,3.623390016323693,0.9755467961505763,28.440819484918887,0.004273504273504274,316.6116560164589,121.41041100447057
modified_fly_6dof,cluttered,15005,True,False,False,1107,22.14,85.5012167966501,3.1806560704085403,0.9753738335697252,32.38158112248191,0.0,376.2633046881642,115.4876467923126
modified_fly_6dof,cluttered,15006,True,False,False,1046,20.92,74.25594182347638,1.6827817422248235,0.9762177063945419,30.02945343715062,0.0,351.99544411133166,120.57708138208979
modified_fly_6dof,cluttered,15007,True,False,False,1088,21.76,85.02249541195117,2.709571093055218,0.9755675984314617,30.76687155335525,0.0,372.57395232486647,122.22057728863814
modified_fly_6dof,cluttered,15008,True,False,False,889,17.78,69.8003070343372,0.8734883266362525,0.9753569542660142,28.65808792924339,0.02249718785151856,302.4524350436511,123.06626959215231
modified_fly_6dof,cluttered,15009,True,False,False,916,18.32,71.16928398213363,1.9080649123950328,0.9751424068530817,28.343455977741176,0.0,306.3565970505591,125.1760066495029
modified_fly_6dof,cluttered,15010,True,False,False,1279,25.580000000000002,88.54664515609747,1.1682847528798965,0.9759410406720628,37.780898913462465,0.009382329945269743,444.2747367818339,119.05963183380663
modified_fly_6dof,cluttered,15011,True,False,False,879,17.580000000000002,69.70583675791092,2.7983037345820305,0.9750810870310666,29.219823347136476,0.0,300.1497438063655,122.58627102710307
flywire_raw_6dof,cluttered,15000,False,True,False,575,11.5,25.870104205485383,0.03155183942990637,0.10325208076278236,26.531465931066112,0.0,184.47419897508232,255.03635091202645
flywire_raw_6dof,cluttered,15001,False,True,False,624,12.48,31.60756187021325,0.04000047963644503,0.24728544155631804,26.659820686927677,0.0,203.92306626438932,259.37588473495384
flywire_raw_6dof,cluttered,15002,False,True,False,637,12.74,33.4490844252817,0.0038195935673027053,0.2689836332913399,26.26779426100557,0.0,206.57562446420636,263.1573566759471
flywire_raw_6dof,cluttered,15003,False,True,False,1122,22.44,75.01310166211985,0.01291594258655255,0.8086206307204704,26.466472402931903,0.0035650623885918,359.8107561887798,268.56478572130413
flywire_raw_6dof,cluttered,15004,False,True,False,548,10.96,22.724768661601413,0.04457000540214027,-0.027987197885311454,21.201732204667813,0.0,177.81430497690727,274.9961495814152
flywire_raw_6dof,cluttered,15005,False,True,False,744,14.88,42.766436791997144,0.05209884345498789,0.40338930993469047,26.460470689730673,0.0,238.78395373431883,265.49341004361867
flywire_raw_6dof,cluttered,15006,False,True,False,673,13.46,37.871664013642025,0.008139598078960123,0.36023171055446435,26.682873688504785,0.0,215.74330680437689,257.69565068460867
flywire_raw_6dof,cluttered,15007,False,True,False,550,11.0,23.14497934540058,0.012514841189798103,-0.0058632138735230654,26.087962576066733,0.014545454545454545,177.2736637738634,271.6959861572832
flywire_raw_6dof,cluttered,15008,False,True,False,763,15.26,45.636741698444595,0.040432123307419056,0.46595512463831923,26.619476675601547,0.0,247.23865050068474,262.7907115454098
flywire_raw_6dof,cluttered,15009,False,True,False,403,8.06,18.088738168991284,0.012106972169776853,0.1429710874189759,23.469227660828558,0.009925558312655087,132.74733713252272,282.0414069136328
flywire_raw_6dof,cluttered,15010,False,True,False,635,12.700000000000001,32.509557907175136,0.02715406036429906,0.24007229953127673,25.4396117933321,0.006299212598425197,204.35276850376758,268.0980148666638
flywire_raw_6dof,cluttered,15011,False,True,False,627,12.540000000000001,32.56370596369804,0.031246586650764872,0.2534344728055502,26.751915987960217,0.0,203.1981425731124,272.4649110263225
flywire_bilateral_6dof,cluttered,15000,True,False,False,1333,26.66,93.56153678527754,1.8437016478484254,0.9756447027264452,27.463225100179333,0.012003000750187547,452.58951921163276,379.65638783319804
flywire_bilateral_6dof,cluttered,15001,True,False,False,856,17.12,61.8770516664747,3.1316552885689193,0.975197719781776,27.078932318934182,0.0,281.3811578702019,371.4818049387606
flywire_bilateral_6dof,cluttered,15002,True,False,False,1314,26.28,94.60588754888381,2.265606894170138,0.9750647571759757,31.457255609128758,0.0060882800608828,440.37827358029074,370.6148894939651
flywire_bilateral_6dof,cluttered,15003,True,False,False,1375,27.5,94.36058017472016,2.169550802411737,0.9752505886305931,30.314855476552395,0.014545454545454545,465.10263758430324,363.4435217759875
flywire_bilateral_6dof,cluttered,15004,False,False,True,3750,75.0,245.24960677296554,3.1742267452721618,0.9209053867639506,35.139276753685834,0.034133333333333335,1343.7343664387358,366.2124513335693
flywire_bilateral_6dof,cluttered,15005,True,False,False,1004,20.080000000000002,67.51934146737774,3.0429111772445943,0.9753032222203994,33.05400484003773,0.00796812749003984,330.42930627796363,379.9272919596874
flywire_bilateral_6dof,cluttered,15006,True,False,False,918,18.36,65.18520729076454,1.4913889898932868,0.9758192638710683,27.067784066925718,0.0,302.89568064863187,363.74775024697834
flywire_bilateral_6dof,cluttered,15007,True,False,False,1315,26.3,92.7359434750187,3.691234288772555,0.9751785214411486,30.80456666245586,0.012167300380228136,450.6514501146718,368.6842905275388
flywire_bilateral_6dof,cluttered,15008,True,False,False,924,18.48,67.24606166375592,1.4968601711029592,0.9757857234579476,32.991541371942944,0.012987012987012988,305.27992833747794,385.4690421497635
flywire_bilateral_6dof,cluttered,15009,True,False,False,865,17.3,62.98637988628555,3.2555931668546316,0.9758348359608476,26.859821431037663,0.0,285.0426688420365,365.5922976279554
flywire_bilateral_6dof,cluttered,15010,True,False,False,1536,30.72,103.6397750756834,1.8033355769773691,0.975602497408816,29.732745550251817,0.0026041666666666665,513.7893977330684,379.9524032122766
flywire_bilateral_6dof,cluttered,15011,True,False,False,1621,32.42,116.44201224340681,3.8507897495497714,0.9752720878124682,34.07909651080869,0.03454657618753856,572.0051321657329,373.39474636547527
classical_vfh_6dof,cluttered,15000,True,False,False,902,18.04,58.87758258795258,0.18952382499369969,0.9751021300195851,31.871378172911033,0.0,292.39499735052925,90.70299653361131
classical_vfh_6dof,cluttered,15001,True,False,False,791,15.82,59.00097372719689,0.24055134461763572,0.9756882764792345,31.871378172911033,0.0,255.97629929166936,88.58938647358858
classical_vfh_6dof,cluttered,15002,False,True,False,715,14.3,48.476896035648444,0.04025413245163678,0.7920780979898383,31.871378172911033,0.0,227.60632762001214,90.40418438686255
classical_vfh_6dof,cluttered,15003,True,False,False,855,17.1,59.05541328348873,0.418091278623723,0.9757201736520575,32.133903144220454,0.0,280.92261436602723,92.71222309244222
classical_vfh_6dof,cluttered,15004,True,False,False,909,18.18,59.234957893185545,0.32572810665309015,0.9758639238124938,32.52695188514856,0.0011001100110011,302.6712134675616,89.09407341362615
classical_vfh_6dof,cluttered,15005,True,False,False,882,17.64,59.23425448603558,0.1259457258179677,0.9754403056525249,31.871378172911033,0.006802721088435374,286.7575670146388,85.59600335263491
classical_vfh_6dof,cluttered,15006,True,False,False,851,17.02,59.264577902176256,0.11940007742232539,0.975686743546206,31.871378172911033,0.0,279.8884268067868,92.49113041015578
classical_vfh_6dof,cluttered,15007,True,False,False,722,14.44,59.15294816865677,1.4320144418330178,0.9763635257759031,31.871378172911033,0.0,234.1301311339823,87.33582378040937
classical_vfh_6dof,cluttered,15008,True,False,False,824,16.48,59.32912456300222,0.027162156144695304,0.9759098744813051,31.352574105294536,0.009708737864077669,269.1653026539376,89.79629899275679
classical_vfh_6dof,cluttered,15009,True,False,False,690,13.8,58.99723215729358,2.0106330133699495,0.9754858007107203,31.871378172911033,0.0,220.51413632404612,90.11041179213221
classical_vfh_6dof,cluttered,15010,True,False,False,974,19.48,59.83736082219648,0.1804547967650003,0.975275305337912,32.31449689874961,0.014373716632443531,321.2653578937256,92.01034821463047
classical_vfh_6dof,cluttered,15011,True,False,False,725,14.5,59.196105024494855,0.5245361566277476,0.9754459602036968,31.871378172911033,0.012413793103448275,237.49052947633206,94.75872406715547
fly_heuristic_6dof,dense,15000,True,False,False,2029,40.58,136.53241751613098,0.9305752675423649,0.9752066026165898,30.38943944954518,0.03942828979793001,703.3446343867924,106.39988229698025
fly_heuristic_6dof,dense,15001,True,False,False,1722,34.44,106.9357090940118,0.8610210595965997,0.9756689072697952,38.85545103444046,0.04878048780487805,590.8748212259525,113.23318882086888
fly_heuristic_6dof,dense,15002,True,False,False,2398,47.96,140.38174722009654,0.8217761928711601,0.9755895407957493,35.13355137152898,0.043369474562135114,818.6849540110634,106.34238928711663
fly_heuristic_6dof,dense,15003,True,False,False,1370,27.400000000000002,90.50689856980179,1.2718271485262223,0.9759190687104519,29.986036209879273,0.03795620437956204,466.1715478013797,105.36006653855172
fly_heuristic_6dof,dense,15004,True,False,False,2141,42.82,143.83874925835067,0.9140090682442482,0.9756186532708017,30.31134367074522,0.046707146193367584,733.5278837145663,103.40652253075656
fly_heuristic_6dof,dense,15005,True,False,False,1703,34.06,100.19782432619704,0.46986646498278306,0.9757637760973085,33.05773633201884,0.061068702290076333,590.132460778122,102.4414988523218
fly_heuristic_6dof,dense,15006,True,False,False,1723,34.46,109.7473643576557,0.9996420213790049,0.9756044722964055,33.49560922189961,0.0673244341265235,589.2837879131906,102.5677380679292
fly_heuristic_6dof,dense,15007,True,False,False,1627,32.54,104.67605646450937,1.3591447454125436,0.975315964384606,29.364306741290132,0.044253226797787336,557.9094754277676,103.325953882151
fly_heuristic_6dof,dense,15008,True,False,False,2944,58.88,168.70989944687435,0.9691393607023655,0.9754515291921975,32.48620225737588,0.06521739130434782,1023.762743174236,105.68261559060572
fly_heuristic_6dof,dense,15009,True,False,False,2025,40.5,130.1694898478093,0.5835682455357247,0.9751166583630833,45.41885970482058,0.05333333333333334,713.5081612196319,105.79445937104686
fly_heuristic_6dof,dense,15010,True,False,False,2223,44.46,140.57018069455307,1.047338832570797,0.9755272589227086,39.714485893793466,0.05398110661268556,763.8014043852268,104.06534263291296
fly_heuristic_6dof,dense,15011,True,False,False,1766,35.32,110.62719524925826,0.5403773627744114,0.9755825738357802,35.724126770006336,0.04756511891279728,608.3413528397118,102.53996517176306
modified_fly_6dof,dense,15000,False,False,True,3750,75.0,265.5231224817984,2.543313638231358,0.9627226700419427,35.54428881952159,0.0,1342.4551242365833,121.21020575741063
modified_fly_6dof,dense,15001,True,False,False,1068,21.36,71.79130456694303,1.0740829882077798,0.9760362611917444,36.17102981108119,0.026217228464419477,370.33509332716307,127.62267434662591
modified_fly_6dof,dense,15002,True,False,False,1123,22.46,75.51981483793718,0.8221139103515327,0.9750662484224273,30.271466907157876,0.003561887800534283,381.2297451588263,126.62195956029555
modified_fly_6dof,dense,15003,True,False,False,1608,32.160000000000004,87.39998035306323,0.7447549942062888,0.9752971146941423,28.351306489396617,0.007462686567164179,539.9250308707553,134.3511879288902
modified_fly_6dof,dense,15004,True,False,False,955,19.1,67.18361730545709,2.63668958669461,0.9753993807129119,28.326461953112844,0.004188481675392671,322.8721046674239,118.93986942534916
modified_fly_6dof,dense,15005,True,False,False,1032,20.64,70.70761579147843,1.9743811400433624,0.9760573823313723,28.896648909117065,0.0,345.62788159219576,118.26101839434095
modified_fly_6dof,dense,15006,True,False,False,1297,25.94,79.80713572114459,0.828136346732391,0.9762416658698733,32.32533655816714,0.01233616037008481,434.546481149806,125.65062363417103
modified_fly_6dof,dense,15007,True,False,False,985,19.7,72.45650766106483,1.327078649238587,0.9750933428788129,28.35184123519447,0.0,327.0298953823339,120.29336057490244
modified_fly_6dof,dense,15008,True,False,False,1640,32.8,102.77915458537103,0.5638311661950262,0.9755199454473789,39.75639471729085,0.012195121951219513,558.6338300124694,125.89608952289493
modified_fly_6dof,dense,15009,True,False,False,1073,21.46,72.31041161767884,0.6661275546605894,0.9761988648602867,30.3564889126479,0.011183597390493943,362.0399460186757,125.12522495133615
modified_fly_6dof,dense,15010,True,False,False,1329,26.580000000000002,89.5379132997031,0.9536767545634974,0.9751665594461209,31.951716800749786,0.0,455.5880144090687,123.79485551637035
modified_fly_6dof,dense,15011,True,False,False,1361,27.22,88.61538554063324,0.8742665696126888,0.9762447857234636,37.41234235986312,0.0029390154298310064,464.9667399688941,119.34742605985522
flywire_raw_6dof,dense,15000,False,True,False,572,11.44,25.547147292841412,0.03865955415072688,0.093931692154398,26.531465931066112,0.0,183.20416035343592,278.61485137259
flywire_raw_6dof,dense,15001,False,True,False,623,12.46,31.339658036208682,0.03620440558451841,0.24235049178559043,26.659225547426164,0.0,203.28528022854962,258.50308436649635
flywire_raw_6dof,dense,15002,False,True,False,599,11.98,32.59551851547754,0.02588574047976832,0.2715017113033723,26.26779426100557,0.0,194.8307090631141,272.348487827306
flywire_raw_6dof,dense,15003,False,True,False,707,14.14,41.40029593574624,0.03772721609367752,0.4099716607467384,26.466470767613245,0.005657708628005658,226.9794754553724,268.24851395393915
flywire_raw_6dof,dense,15004,False,True,False,550,11.0,22.711907346571838,0.017968802048177506,-0.03066493265701653,21.179008611175203,0.0,178.30310113880114,269.38182629131967
flywire_raw_6dof,dense,15005,False,True,False,687,13.74,26.903477446427647,0.028792875192108262,0.08570853883855534,26.36134373115638,0.0,221.46097714290735,282.77418087507317
flywire_raw_6dof,dense,15006,False,True,False,613,12.26,34.68512788793217,0.00503202067728166,0.3251247720575069,26.632126625956456,0.0,198.0831866743854,278.0661044352047
flywire_raw_6dof,dense,15007,False,True,False,550,11.0,23.14497934540058,0.012514841189798103,-0.0058632138735230654,26.087962576066733,0.014545454545454545,177.2736637738634,262.906484261992
flywire_raw_6dof,dense,15008,False,True,False,640,12.8,34.309884595153214,0.039770198575598756,0.2809630999614473,24.90935520057467,0.00625,206.3238138868868,266.19009222486056
flywire_raw_6dof,dense,15009,False,True,False,628,12.56,24.68717512681409,0.04321037695625604,0.01816787189907365,23.429443905643694,0.006369426751592357,202.00047015857592,278.0929634163666
flywire_raw_6dof,dense,15010,False,True,False,619,12.38,31.444817270341996,0.03515224684938567,0.22877987879344763,24.893967709688873,0.006462035541195477,199.45916412128662,270.4872712192516
flywire_raw_6dof,dense,15011,False,True,False,621,12.42,32.378540226845566,0.0046954860330683575,0.25783908829712154,26.456550098877177,0.0,199.9047852443169,270.2250849091424
flywire_bilateral_6dof,dense,15000,True,False,False,1455,29.1,96.91162149081376,1.6394788931865092,0.9757962151190896,29.22321592535661,0.008247422680412371,489.83975750608386,374.8996601283939
flywire_bilateral_6dof,dense,15001,True,False,False,1033,20.66,67.97546580334672,1.1459027460281488,0.9751650372059768,27.078932318934182,0.003872216844143272,343.84109895884296,374.8624673217506
flywire_bilateral_6dof,dense,15002,True,False,False,3265,65.3,201.67239132823983,0.9071309160429777,0.9751622568393512,35.45583841698472,0.022052067381316997,1147.8454680076786,363.4431858796676
flywire_bilateral_6dof,dense,15003,True,False,False,1481,29.62,94.38495054984399,1.7433536794734532,0.9750830028803088,32.25923563598091,0.008102633355840648,501.71112197642134,380.42630748622463
flywire_bilateral_6dof,dense,15004,True,False,False,2944,58.88,188.1351926476781,2.16108667622207,0.9756527483015002,31.848666931807713,0.024456521739130436,1026.2365796598376,367.9673546171018
flywire_bilateral_6dof,dense,15005,True,False,False,1460,29.2,93.74636142518038,1.9496339772646074,0.9750786151220345,31.94051189211567,0.005479452054794521,493.76184677390256,369.7792891004722
flywire_bilateral_6dof,dense,15006,True,False,False,943,18.86,66.19622701388445,1.1632843847057612,0.9753289864609656,27.510410819613586,0.0,313.4004711474642,370.8953980526145
flywire_bilateral_6dof,dense,15007,True,False,False,978,19.56,65.27152284870358,3.1354356520075624,0.975549447251313,32.53039581593772,0.012269938650306749,324.55496848297054,392.40588856937023
flywire_bilateral_6dof,dense,15008,True,False,False,1025,20.5,69.7655291036501,1.0726480586398763,0.9758300031072518,35.113777341819784,0.011707317073170732,342.2977856027628,390.1847317934413
flywire_bilateral_6dof,dense,15009,True,False,False,1062,21.240000000000002,69.86904635101676,1.174176669108814,0.9758648497058147,26.85982035769973,0.0,347.7944358090109,365.814367174416
flywire_bilateral_6dof,dense,15010,True,False,False,1126,22.52,71.70033562162232,1.3086411360097592,0.9754045468692066,25.470342273061345,0.007104795737122558,372.6185330962115,366.76106470841785
flywire_bilateral_6dof,dense,15011,True,False,False,1041,20.82,67.06668613470352,1.9918498339258708,0.9752797003793492,32.33235872572323,0.011527377521613832,348.4860236052122,364.02960050087495
classical_vfh_6dof,dense,15000,True,False,False,909,18.18,58.898873216233746,0.18952382499369969,0.9763680560970851,31.871378172911033,0.0,295.8960885428612,87.62020693291305
classical_vfh_6dof,dense,15001,True,False,False,1002,20.04,61.125445977310086,0.24102037604623838,0.975760695395906,33.63422934660959,0.0,325.7610797137852,89.96955580096618
classical_vfh_6dof,dense,15002,False,True,False,880,17.6,49.0407106456618,0.020254680137741232,0.8040326494706325,31.871378172911033,0.0,282.86059155341707,91.83762251103127
classical_vfh_6dof,dense,15003,True,False,False,1048,20.96,59.28422694104625,0.2969810368814221,0.9753057524114715,31.871378172911033,0.0,341.3425415383841,88.86279662687133
classical_vfh_6dof,dense,15004,True,False,False,909,18.18,59.234957893185545,0.32572810665309015,0.9758639238124938,32.52695188514856,0.0011001100110011,302.6712134675616,90.897784582666
classical_vfh_6dof,dense,15005,True,False,False,903,18.06,59.24557603472766,0.39965334797283036,0.9750850161483615,31.871378172911033,0.0033222591362126247,295.2901697560835,91.59506782806949
classical_vfh_6dof,dense,15006,True,False,False,841,16.82,59.032026680329615,0.31251268674968546,0.9759605247452479,31.871378172911033,0.0,276.2707379043315,90.63786553369032
classical_vfh_6dof,dense,15007,True,False,False,724,14.48,59.14562041492263,1.4424267682216851,0.9763589509696047,31.871378172911033,0.0,234.809371499786,90.57136832669542
classical_vfh_6dof,dense,15008,True,False,False,954,19.080000000000002,59.15205602132897,0.18163222954623448,0.9761577187639606,32.651607323626855,0.010482180293501049,315.3187162012663,87.37280059831848
classical_vfh_6dof,dense,15009,True,False,False,998,19.96,59.347501582868716,0.10349035527536277,0.975561870834636,31.871378172911033,0.0,324.7878307980872,88.38906302116811
classical_vfh_6dof,dense,15010,True,False,False,974,19.48,59.83736082219648,0.1804547967650003,0.975275305337912,32.31449689874961,0.014373716632443531,321.2653578937256,89.39777703222926
classical_vfh_6dof,dense,15011,True,False,False,802,16.04,59.219702685456625,0.5089913790322875,0.9757744763690288,31.871378172911033,0.007481296758104738,266.45366447429393,90.77221018479979
