controller,difficulty,seed,success,collision,timeout,steps,time_s,path_m,min_range_m,progress,decision_us
fly_heuristic_3d,sparse,12000,False,False,True,850,68.0,254.52178355409882,2.144056938845011,0.9035265396559881,84.06095905229449
fly_heuristic_3d,sparse,12001,True,False,False,235,18.8,78.45618833569644,2.102213695747908,0.9762757933515321,90.11166477377745
fly_heuristic_3d,sparse,12002,True,False,False,198,15.84,70.1745979828029,3.596501707567758,0.9785571405207081,86.19812874575004
fly_heuristic_3d,sparse,12003,True,False,False,259,20.72,80.95274868886345,4.0119441224320305,0.9762689248172364,82.87181215662811
fly_heuristic_3d,sparse,12004,False,False,True,850,68.0,251.6965461852477,1.9139489871255584,0.9333135784200556,82.95842508018455
fly_heuristic_3d,sparse,12005,True,False,False,239,19.12,80.11861266763408,2.1404605457923407,0.9784336440217644,81.7930724308144
fly_heuristic_3d,sparse,12006,True,False,False,219,17.52,75.24516986235373,3.3050702304957804,0.9760059310650072,83.59273229023978
fly_heuristic_3d,sparse,12007,True,False,False,317,25.36,99.7722238794396,1.711559947271783,0.97541157603314,92.633744468178
fly_heuristic_3d,sparse,12008,False,False,True,850,68.0,250.29888050589932,0.8952118506389524,0.9028078254035125,87.79776220976868
fly_heuristic_3d,sparse,12009,True,False,False,221,17.68,74.94511931853987,3.019684641978643,0.9771159892870371,86.31206372525223
fly_heuristic_3d,sparse,12010,False,False,True,850,68.0,255.09198630059285,1.4349621836317028,0.9048050889125456,86.31726528298768
fly_heuristic_3d,sparse,12011,True,False,False,222,17.76,74.29360410797365,3.0590966712568104,0.9756155731431685,93.3330301048553
fly_heuristic_3d,sparse,12012,False,False,True,850,68.0,246.35419742510464,1.8920473623928884,0.9353271114215873,86.31396771627752
fly_heuristic_3d,sparse,12013,True,False,False,245,19.6,81.37671983797276,2.9535552521974404,0.9772477356284385,88.77957933487333
fly_heuristic_3d,sparse,12014,True,False,False,223,17.84,78.57210677322817,2.5855519503897,0.9762115240546643,84.97597710250338
fly_heuristic_3d,sparse,12015,True,False,False,223,17.84,76.95324366514886,2.226269573779588,0.9805750780579362,91.39547371952857
modified_fly_3d,sparse,12000,True,False,False,235,18.8,78.64175457649606,2.78762600160674,0.9751288581019859,115.64792465775254
modified_fly_3d,sparse,12001,True,False,False,216,17.28,77.00903238231544,4.259491182607703,0.9752440094029946,114.81641774514208
modified_fly_3d,sparse,12002,True,False,False,604,48.32,194.57061956169002,4.180383373911555,0.9757862394253832,109.82714015188695
modified_fly_3d,sparse,12003,True,False,False,219,17.52,74.10037793113204,4.434731233598892,0.9756700420707257,110.21278896390304
modified_fly_3d,sparse,12004,True,False,False,227,18.16,80.22069711929439,4.202884826927166,0.9754746198015722,104.45681251872675
modified_fly_3d,sparse,12005,True,False,False,197,15.76,72.62286183080944,2.8919425173740247,0.9788189137702968,95.91123745138496
modified_fly_3d,sparse,12006,True,False,False,211,16.88,74.71105987707462,3.711799746695133,0.9761358368697169,99.66343591625304
modified_fly_3d,sparse,12007,True,False,False,223,17.84,79.11515425765708,2.968262482526747,0.9764931895495962,104.35042757699642
modified_fly_3d,sparse,12008,False,False,True,850,68.0,281.4250380515938,2.55538290253349,0.8670576629515163,100.18626207431011
modified_fly_3d,sparse,12009,True,False,False,417,33.36,136.94299958957257,3.430473249283534,0.9772164039360074,99.82944541550476
modified_fly_3d,sparse,12010,False,False,True,850,68.0,282.52685343582533,4.03031645694919,0.8906758875741079,104.33895349064294
modified_fly_3d,sparse,12011,True,False,False,219,17.52,74.88153921552889,4.761333838850559,0.9757121378304809,94.99101279745703
modified_fly_3d,sparse,12012,True,False,False,274,21.92,88.72198103513364,3.6263744479411932,0.9751508254185793,99.30577621129035
modified_fly_3d,sparse,12013,True,False,False,224,17.92,77.14642434677145,2.35069519745537,0.9781874921955428,100.93208428380811
modified_fly_3d,sparse,12014,True,False,False,218,17.44,78.85293941683004,3.7752750924266913,0.9799038512307474,100.66888767183511
modified_fly_3d,sparse,12015,True,False,False,384,30.72,141.12274589999234,3.6708573527996275,0.9768954798651418,101.1161837899029
flywire_graph_3d,sparse,12000,False,True,False,246,19.68,72.3342020997322,0.0024414199844775067,0.8056797636162542,250.66965362776403
flywire_graph_3d,sparse,12001,False,True,False,264,21.12,73.63133854951072,0.03341397652548833,0.7076142103421021,238.19335249506614
flywire_graph_3d,sparse,12002,False,True,False,237,18.96,69.54109653889583,0.013522201009457644,0.7966398123444522,239.68744544579573
flywire_graph_3d,sparse,12003,False,True,False,194,15.52,50.47065200786509,0.045111624401285015,0.5202179181709263,235.49606665949693
flywire_graph_3d,sparse,12004,False,True,False,245,19.6,72.04688844828543,0.01112483971926486,0.8076801867879502,238.32091876324645
flywire_graph_3d,sparse,12005,False,True,False,258,20.64,74.36019830113742,0.03177900576174729,0.7650200250218411,228.76231101803597
flywire_graph_3d,sparse,12006,False,True,False,233,18.64,69.74033855298596,0.002581335381425383,0.8119149750689391,233.65635579739708
flywire_graph_3d,sparse,12007,False,True,False,242,19.36,71.441841103922,0.015144056117420413,0.80512125782633,236.3467312895131
flywire_graph_3d,sparse,12008,False,True,False,241,19.28,71.04963800636276,0.014564615232345004,0.8076279178329498,228.28345973415617
flywire_graph_3d,sparse,12009,False,True,False,234,18.72,70.06770088031216,0.0003441269896167728,0.8120424406755526,228.76105329984975
flywire_graph_3d,sparse,12010,False,True,False,171,13.68,38.333131423759625,0.031040910360954136,0.3258229370208853,237.58538851612494
flywire_graph_3d,sparse,12011,False,True,False,239,19.12,70.48587225990957,0.03156773223628939,0.8070886703559916,225.04093304712902
flywire_graph_3d,sparse,12012,False,True,False,248,19.84,70.36927351959443,0.03114293626901163,0.6691129072896811,241.05415415702268
flywire_graph_3d,sparse,12013,False,True,False,262,20.96,75.01016580920259,0.010218208205817059,0.7795285008699233,234.00236253505787
flywire_graph_3d,sparse,12014,False,True,False,236,18.88,70.59477678068029,0.028248492577732535,0.807387492238403,236.5173030569676
flywire_graph_3d,sparse,12015,False,True,False,251,20.080000000000002,71.24928031354901,0.03406246465112226,0.7345095199812792,232.07401015435855
flywire_bilateral_3d,sparse,12000,True,False,False,192,15.36,65.19828486940621,2.5589308879659356,0.9781531441860968,335.24994796607643
flywire_bilateral_3d,sparse,12001,True,False,False,196,15.68,67.8567931774489,3.613723417427125,0.9761273853118377,355.76191843648877
flywire_bilateral_3d,sparse,12002,True,False,False,194,15.52,66.28151008862802,2.4029746366247484,0.9757920528094415,343.61511958551773
flywire_bilateral_3d,sparse,12003,True,False,False,206,16.48,66.68487127759758,2.3036839795807236,0.9753759956997838,349.8353827541278
flywire_bilateral_3d,sparse,12004,True,False,False,189,15.120000000000001,65.07169175272402,3.4399815133673437,0.9764699364340692,351.5395875428877
flywire_bilateral_3d,sparse,12005,True,False,False,288,23.04,89.93513671974381,2.695591250897886,0.9753784916340937,342.9070180168815
flywire_bilateral_3d,sparse,12006,True,False,False,181,14.48,63.69607098668393,4.907284922979419,0.9769767241310411,336.50612677267407
flywire_bilateral_3d,sparse,12007,True,False,False,200,16.0,68.02822683593288,2.1624863959351472,0.9758784816504837,350.50326434429735
flywire_bilateral_3d,sparse,12008,True,False,False,192,15.36,64.6230191396079,2.2660284894752705,0.9770729688306832,364.25156516391627
flywire_bilateral_3d,sparse,12009,True,False,False,181,14.48,64.10205447156733,4.921844024039116,0.976830553512646,340.18983814906517
flywire_bilateral_3d,sparse,12010,True,False,False,191,15.280000000000001,64.91353271176872,3.5546828453843347,0.9757415660188735,333.73762920489094
flywire_bilateral_3d,sparse,12011,True,False,False,183,14.64,64.80205566668822,4.7545719467371175,0.9759882281519119,345.22805795521356
flywire_bilateral_3d,sparse,12012,True,False,False,203,16.240000000000002,67.51493508568642,3.619987199679608,0.9752842267961604,355.9257215223839
flywire_bilateral_3d,sparse,12013,True,False,False,185,14.8,64.3583056822772,4.129016823590184,0.9754151262839102,337.9077707241113
flywire_bilateral_3d,sparse,12014,True,False,False,188,15.040000000000001,65.92662371060706,2.824427162383723,0.9762187238086253,367.3359240836246
flywire_bilateral_3d,sparse,12015,True,False,False,286,22.88,87.1424708583426,2.4732464874718336,0.9774275453181703,350.9387969026355
classical_vfh_3d,sparse,12000,True,False,False,184,14.72,59.308246154364056,0.4793756985170263,0.9755751796163287,75.16969914001453
classical_vfh_3d,sparse,12001,True,False,False,211,16.88,59.66254545796914,0.1317626200465134,0.9776398857942457,69.57126144646398
classical_vfh_3d,sparse,12002,True,False,False,184,14.72,59.3204504636294,0.058015784818419736,0.9802015561393032,71.91334241171084
classical_vfh_3d,sparse,12003,True,False,False,202,16.16,59.924267020473906,0.2687554810030197,0.9793631365115507,67.83814290492325
classical_vfh_3d,sparse,12004,True,False,False,174,13.92,59.35522807246114,0.5655933124664685,0.9807892961369281,71.82549539386113
classical_vfh_3d,sparse,12005,True,False,False,177,14.16,59.49849084437482,0.6938578903836143,0.9802561581346689,70.59694745309524
classical_vfh_3d,sparse,12006,True,False,False,154,12.32,59.311703761024766,5.7550238329414825,0.9800743993818266,71.41037623385911
classical_vfh_3d,sparse,12007,True,False,False,204,16.32,59.00461570594741,0.19070224505666933,0.9755922418259622,72.08481781394677
classical_vfh_3d,sparse,12008,True,False,False,183,14.64,59.74736462553888,0.16223334987577132,0.977952942199064,69.63058484239819
classical_vfh_3d,sparse,12009,True,False,False,154,12.32,59.311703761024766,3.3630625640947596,0.9800743993818266,75.30978378876077
classical_vfh_3d,sparse,12010,True,False,False,158,12.64,59.159145997815095,1.3266969593416333,0.9777848120459486,74.28646771402299
classical_vfh_3d,sparse,12011,True,False,False,154,12.32,59.311703761024766,2.8081853856107553,0.9800743993818266,68.29431566240436
classical_vfh_3d,sparse,12012,True,False,False,166,13.280000000000001,59.376447186301235,1.65530100611663,0.9800911803092789,69.58022461194231
classical_vfh_3d,sparse,12013,True,False,False,164,13.120000000000001,59.19362084478132,1.0907460719990283,0.9783500913420311,67.58437169681689
classical_vfh_3d,sparse,12014,True,False,False,192,15.36,59.811572213458206,0.14723856088585885,0.9782155081180374,67.37440980941756
classical_vfh_3d,sparse,12015,True,False,False,184,14.72,59.686963204111755,0.167501832111129,0.9788042653196173,70.26895606110844
fly_heuristic_3d,cluttered,12000,True,False,False,377,30.16,107.45240909092894,1.1323191542104456,0.9770611599395079,85.83572089168136
fly_heuristic_3d,cluttered,12001,False,False,True,850,68.0,228.52112392901043,0.7833777504459252,0.8748453995618394,82.60721190120367
fly_heuristic_3d,cluttered,12002,True,False,False,307,24.560000000000002,94.71703869760674,1.6968883530580712,0.9766978621522032,80.18031611686712
fly_heuristic_3d,cluttered,12003,True,False,False,244,19.52,79.23838972869541,2.176258707877297,0.97710024759778,81.02762560573879
fly_heuristic_3d,cluttered,12004,True,False,False,410,32.8,115.86094847533708,0.9436022509536808,0.9780283670918362,82.64319565169876
fly_heuristic_3d,cluttered,12005,True,False,False,313,25.04,92.94461931222531,2.2285867953844285,0.977127083070663,76.82620174290177
fly_heuristic_3d,cluttered,12006,True,False,False,237,18.96,77.38882685391935,3.13170674828371,0.9756144776386253,83.04492287526402
fly_heuristic_3d,cluttered,12007,True,False,False,232,18.56,72.5443471013446,1.9653804625604332,0.9770291358701704,86.0127853731432
fly_heuristic_3d,cluttered,12008,True,False,False,253,20.240000000000002,80.42062442218625,0.9665110571542379,0.9761398319516129,81.0678413307125
fly_heuristic_3d,cluttered,12009,False,False,True,850,68.0,247.15834931314495,1.5636343315048025,0.895453692619475,81.73247497967061
fly_heuristic_3d,cluttered,12010,True,False,False,377,30.16,103.845192029137,1.7361437721196018,0.9752063029830497,80.50547708912853
fly_heuristic_3d,cluttered,12011,True,False,False,385,30.8,116.18048517013534,1.309533843393838,0.9783262630405078,79.64687969221117
fly_heuristic_3d,cluttered,12012,False,False,True,850,68.0,241.0153749672803,1.5267743162026388,0.9372335109340965,78.93152706160703
fly_heuristic_3d,cluttered,12013,True,False,False,222,17.76,71.63908066307886,2.4263690124630024,0.975442761246354,78.94172030081553
fly_heuristic_3d,cluttered,12014,True,False,False,224,17.92,77.70888782041548,3.515689051565202,0.9780610542010428,80.03289284325936
fly_heuristic_3d,cluttered,12015,True,False,False,224,17.92,76.66822986815768,2.4739367008085154,0.9779273841368388,79.864500678793
modified_fly_3d,cluttered,12000,True,False,False,325,26.0,99.50622406388936,0.884526141252937,0.9782142335087033,98.42950886545273
modified_fly_3d,cluttered,12001,True,False,False,242,19.36,81.02093240463923,3.0194924511098744,0.9784810142913889,98.53623216694668
modified_fly_3d,cluttered,12002,True,False,False,247,19.76,84.90384517190913,3.5184064020423844,0.9769919511330092,95.80874869313378
modified_fly_3d,cluttered,12003,True,False,False,198,15.84,70.00131881542377,4.011425949621946,0.9806315221266659,94.10528288542697
modified_fly_3d,cluttered,12004,True,False,False,255,20.400000000000002,82.45333058524743,3.2614098251993195,0.9758946087991758,101.26876763488148
modified_fly_3d,cluttered,12005,True,False,False,239,19.12,75.62848527856373,1.2097878033335179,0.9772823152152584,97.51953837309796
modified_fly_3d,cluttered,12006,True,False,False,231,18.48,81.47970644241256,4.923452882014842,0.9801403525360352,105.45625859363513
modified_fly_3d,cluttered,12007,True,False,False,296,23.68,103.31918300782887,2.953492482023639,0.9799862333413868,97.77176554151181
modified_fly_3d,cluttered,12008,True,False,False,245,19.6,84.00299421210644,2.283600063748647,0.975090192753075,100.8173935495469
modified_fly_3d,cluttered,12009,True,False,False,246,19.68,82.39353018790725,3.940954471806798,0.9776773139058631,99.18712246103016
modified_fly_3d,cluttered,12010,True,False,False,228,18.240000000000002,72.94325978353264,2.5895501876992397,0.9772189096465895,103.2801274528825
modified_fly_3d,cluttered,12011,True,False,False,392,31.36,120.76207588682243,1.3696730528752201,0.9787029606654004,102.71951062034587
modified_fly_3d,cluttered,12012,True,False,False,290,23.2,90.3813082185051,3.448811780204685,0.9763629067544378,96.63992216168293
modified_fly_3d,cluttered,12013,True,False,False,208,16.64,73.93095498318803,3.0371644793704276,0.9792784303829994,106.73177502422521
modified_fly_3d,cluttered,12014,True,False,False,330,26.400000000000002,112.19023607128419,3.7752750924266913,0.9758541718478065,97.85934129137208
modified_fly_3d,cluttered,12015,True,False,False,286,22.88,99.73808943336361,3.900357037576652,0.9776956390174408,102.3871015343763
flywire_graph_3d,cluttered,12000,False,True,False,139,11.120000000000001,26.36733667260542,0.04708294911391474,0.03700466429698779,242.73451258555698
flywire_graph_3d,cluttered,12001,False,True,False,232,18.56,64.25068591514358,0.02910785446485422,0.6555009406117889,248.4736649985907
flywire_graph_3d,cluttered,12002,False,True,False,188,15.040000000000001,47.664607888674524,0.055956307645727066,0.44027412525696286,234.5181726033185
flywire_graph_3d,cluttered,12003,False,True,False,180,14.4,47.26354800775999,0.025423160063794324,0.49394854234600905,235.1887760192363
flywire_graph_3d,cluttered,12004,False,True,False,170,13.6,40.364701978964526,0.015376114369056166,0.34096419275016576,234.76783946320853
flywire_graph_3d,cluttered,12005,False,True,False,276,22.080000000000002,74.32797875550509,0.010449071168239031,0.6648924847304827,230.91786251693586
flywire_graph_3d,cluttered,12006,False,True,False,217,17.36,49.21433553119082,0.04243046390561352,0.44331997915840604,251.82670091755242
flywire_graph_3d,cluttered,12007,False,True,False,247,19.76,72.21612234986677,0.0491705381720963,0.7916583057609612,233.83219483184067
flywire_graph_3d,cluttered,12008,False,True,False,240,19.2,71.22175277919851,0.01160159492061559,0.8109611553047127,240.5779120939163
flywire_graph_3d,cluttered,12009,False,True,False,237,18.96,70.20815667807851,0.007050459109537081,0.802995698964679,232.75456476744407
flywire_graph_3d,cluttered,12010,False,True,False,166,13.280000000000001,31.35877857998787,0.004107146828930326,0.022773262233653613,236.97232666245876
flywire_graph_3d,cluttered,12011,False,True,False,245,19.6,70.67263386725277,0.02300569022849282,0.7401477982186899,244.3320742732256
flywire_graph_3d,cluttered,12012,False,True,False,144,11.52,29.435108567541207,0.04004566203346771,0.15807809824976893,237.32766163043885
flywire_graph_3d,cluttered,12013,False,True,False,256,20.48,70.47323414699214,0.04051720539357024,0.661695437845814,243.8517419705022
flywire_graph_3d,cluttered,12014,False,True,False,196,15.68,56.269179959020484,0.0629711977843489,0.6113533724779805,231.3973352417578
flywire_graph_3d,cluttered,12015,False,True,False,160,12.8,35.546731212760825,0.0335365337701286,0.22355003720259226,253.17646759503987
flywire_bilateral_3d,cluttered,12000,True,False,False,208,16.64,69.14828887237661,2.170679814838501,0.9765198019496731,340.7321007846174
flywire_bilateral_3d,cluttered,12001,True,False,False,200,16.0,67.97124005723225,2.5593846278265784,0.9754958000449657,348.6577144940384
flywire_bilateral_3d,cluttered,12002,True,False,False,199,15.92,66.29065523661181,2.4551216986261517,0.9767352488034599,365.35247161179484
flywire_bilateral_3d,cluttered,12003,True,False,False,284,22.72,85.73001995407472,1.4081311131565781,0.9797870056405351,354.8770465373232
flywire_bilateral_3d,cluttered,12004,True,False,False,203,16.240000000000002,65.5409524579998,2.6776193251509675,0.9777972527782277,342.14868531401817
flywire_bilateral_3d,cluttered,12005,True,False,False,210,16.8,69.60505734621461,3.447700213169589,0.9761071900006354,354.01762718157397
flywire_bilateral_3d,cluttered,12006,True,False,False,195,15.6,65.51698784475165,2.75319759179856,0.9758452968748419,341.834579833234
flywire_bilateral_3d,cluttered,12007,True,False,False,203,16.240000000000002,69.22297498271845,2.2184362501066053,0.9766467364550704,336.08958637800635
flywire_bilateral_3d,cluttered,12008,True,False,False,192,15.36,64.89954919507612,2.3114799628366294,0.9759519357067244,344.2558402942571
flywire_bilateral_3d,cluttered,12009,True,False,False,184,14.72,64.1845086721575,4.710384181565284,0.9774568963410462,339.29544240337515
flywire_bilateral_3d,cluttered,12010,True,False,False,218,17.44,67.3027416808587,1.7017467267314772,0.976506152963525,335.88666034170313
flywire_bilateral_3d,cluttered,12011,True,False,False,275,22.0,86.41580077945248,2.693001578531243,0.9767631057920426,353.43011925843626
flywire_bilateral_3d,cluttered,12012,True,False,False,281,22.48,82.98226176270828,3.797060640384384,0.9754562710522641,353.3836065135313
flywire_bilateral_3d,cluttered,12013,True,False,False,188,15.040000000000001,63.79622971644826,3.0829680357985505,0.9763957284066829,346.34014554420844
flywire_bilateral_3d,cluttered,12014,True,False,False,205,16.4,70.96462485100787,2.824427162383723,0.975447060882472,360.6797278313557
flywire_bilateral_3d,cluttered,12015,True,False,False,287,22.96,89.34753047865935,2.504176447162345,0.9772707069117723,344.45190708110766
classical_vfh_3d,cluttered,12000,True,False,False,231,18.48,59.69508187578482,0.03740929217200284,0.979626679041729,72.76686394256559
classical_vfh_3d,cluttered,12001,True,False,False,225,18.0,59.745279512218005,0.15999279757034524,0.9789283586253598,70.3718275245693
classical_vfh_3d,cluttered,12002,True,False,False,185,14.8,59.04656711587099,0.058015784818419736,0.9760978623030435,69.00650379877236
classical_vfh_3d,cluttered,12003,True,False,False,202,16.16,59.924267020473906,0.2687554810030197,0.9793631365115507,72.17124048021097
classical_vfh_3d,cluttered,12004,True,False,False,180,14.4,59.34336960410057,0.5656519268954856,0.9805945809750206,71.89011602248583
classical_vfh_3d,cluttered,12005,True,False,False,182,14.56,59.18425430679409,0.7016396607728215,0.9768880085065031,76.93540908723742
classical_vfh_3d,cluttered,12006,True,False,False,212,16.96,59.65112707635057,0.31364460536748595,0.9773380758552666,71.82754217075922
classical_vfh_3d,cluttered,12007,True,False,False,267,21.36,59.839893583474804,0.0629787754010942,0.9809321727009176,76.82748654271278
classical_vfh_3d,cluttered,12008,True,False,False,183,14.64,59.74736462553888,0.16223334987577132,0.977952942199064,73.83271166291394
classical_vfh_3d,cluttered,12009,True,False,False,154,12.32,59.311703761024766,3.3630625640947596,0.9800743993818266,71.26089329105596
classical_vfh_3d,cluttered,12010,True,False,False,195,15.6,59.03032790446532,0.0348566879956298,0.9756936737358034,71.85232198725527
classical_vfh_3d,cluttered,12011,False,True,False,131,10.48,39.816286190234194,0.0030336821612351184,0.6560124527526023,74.99626771909476
classical_vfh_3d,cluttered,12012,True,False,False,190,15.200000000000001,59.38532544761848,0.6673598438376933,0.9802266919469029,77.45877956040204
classical_vfh_3d,cluttered,12013,True,False,False,164,13.120000000000001,59.19362084478132,1.0907460719990283,0.9783500913420311,70.50763460716641
classical_vfh_3d,cluttered,12014,True,False,False,227,18.16,59.76248208036683,0.14723856088585885,0.9789117091469738,69.91774454048223
classical_vfh_3d,cluttered,12015,True,False,False,186,14.88,59.727456734775906,0.167501832111129,0.9777875977704004,73.6567533514913
fly_heuristic_3d,dense,12000,False,False,True,850,68.0,240.25012081919792,1.1684955665412486,0.9179885545657039,84.32828204925445
fly_heuristic_3d,dense,12001,False,False,True,850,68.0,214.71506882366177,0.8313427667823743,0.911775122931663,84.57240990965681
fly_heuristic_3d,dense,12002,True,False,False,277,22.16,85.51712951212295,1.5398684426653784,0.9772558249975304,80.2366597164382
fly_heuristic_3d,dense,12003,True,False,False,376,30.080000000000002,116.28781349166437,2.340103161680318,0.9757094212454712,82.65964254647731
fly_heuristic_3d,dense,12004,False,False,True,850,68.0,229.04876830709566,0.9509690793320383,0.9320108070882718,82.42239744183334
fly_heuristic_3d,dense,12005,False,False,True,850,68.0,247.60268269400876,0.9666786591059462,0.9663242510351705,84.37562103876296
fly_heuristic_3d,dense,12006,False,False,True,850,68.0,247.78926263550954,1.3031534677959737,0.9549464638695143,84.03105113436195
fly_heuristic_3d,dense,12007,True,False,False,427,34.160000000000004,118.77835432933354,1.0651240170943126,0.9761112276327213,82.56434050194518
fly_heuristic_3d,dense,12008,True,False,False,320,25.6,87.84756223851399,1.1121425540296594,0.9757679284871703,86.33068264316535
fly_heuristic_3d,dense,12009,False,False,True,850,68.0,234.18081929025013,1.2703007185324267,0.8650410636207382,85.19174674909343
fly_heuristic_3d,dense,12010,True,False,False,311,24.88,91.1402545909677,1.3485671534213446,0.9756632307160942,80.97766536225076
fly_heuristic_3d,dense,12011,True,False,False,255,20.400000000000002,77.23547406752901,2.0202437544283676,0.975273653914171,82.38612779178747
fly_heuristic_3d,dense,12012,True,False,False,301,24.080000000000002,89.05894937574689,1.155926731259011,0.9755827647200109,82.06532945534666
fly_heuristic_3d,dense,12013,False,False,True,850,68.0,239.94356156766534,1.8409962898217809,0.8697442626721577,81.15362156839932
fly_heuristic_3d,dense,12014,False,False,True,850,68.0,233.89090118322196,1.1200367442820753,0.9640028251285052,80.96268058151884
fly_heuristic_3d,dense,12015,True,False,False,391,31.28,116.29527817611213,1.5065124061866362,0.9759343574560857,83.42975957195281
modified_fly_3d,dense,12000,True,False,False,330,26.400000000000002,97.80329379471247,0.672123196030834,0.9789888085691942,101.41501393677159
modified_fly_3d,dense,12001,True,False,False,262,20.96,72.27325921089731,1.072956162267796,0.9753715129025667,103.82158407152325
modified_fly_3d,dense,12002,True,False,False,265,21.2,84.18035332489578,3.0513663436910052,0.9755367802797396,97.81692203415453
modified_fly_3d,dense,12003,True,False,False,215,17.2,69.84229716151341,1.2667677984947323,0.9768495617474487,98.39896269705753
modified_fly_3d,dense,12004,True,False,False,303,24.240000000000002,101.9977012947415,2.48133304662403,0.9783740406287288,95.98398505073816
modified_fly_3d,dense,12005,True,False,False,237,18.96,74.32241318020095,1.7193155576368166,0.9752458326862127,99.8795974139077
modified_fly_3d,dense,12006,True,False,False,245,19.6,72.46933154725464,2.1870441651654566,0.9789003133040146,99.06243304817043
modified_fly_3d,dense,12007,True,False,False,247,19.76,77.77556206171815,2.334311849667983,0.9756010459555944,96.54542178609351
modified_fly_3d,dense,12008,True,False,False,219,17.52,74.79517632459074,2.490005912986722,0.9752049316559175,96.82155761774204
modified_fly_3d,dense,12009,True,False,False,228,18.240000000000002,72.47959198085283,1.5353041215935113,0.9789578151888763,98.30940817074294
modified_fly_3d,dense,12010,True,False,False,420,33.6,119.78448896899717,1.690028694963868,0.9768334709042713,101.95089396022793
modified_fly_3d,dense,12011,True,False,False,207,16.56,71.80745124585546,1.8617416533914004,0.9781248219778313,101.17547837387464
modified_fly_3d,dense,12012,True,False,False,366,29.28,115.36132601515082,2.3842969963259755,0.9758513415852442,101.90533154104618
modified_fly_3d,dense,12013,True,False,False,240,19.2,73.29257401409227,0.9921847435797857,0.975134855668163,97.9478754743468
modified_fly_3d,dense,12014,True,False,False,290,23.2,90.30389722670917,2.5350017608549957,0.976063371989983,102.13307546580145
modified_fly_3d,dense,12015,True,False,False,263,21.04,76.57042325315766,2.0058863334696078,0.9755030160198643,100.4281420147351
flywire_graph_3d,dense,12000,False,True,False,140,11.200000000000001,26.182392255922426,0.007785905798211643,0.009341586848391481,237.48231303345943
flywire_graph_3d,dense,12001,False,True,False,126,10.08,23.866296233160018,0.04901804866092049,0.03225954041176271,242.76630840234694
flywire_graph_3d,dense,12002,False,True,False,164,13.120000000000001,37.55873653380499,0.027077562510048395,0.294131620655934,244.68424444643372
flywire_graph_3d,dense,12003,False,True,False,182,14.56,47.41154259068524,9.428189334143943e-05,0.4964443224642777,240.8040323484034
flywire_graph_3d,dense,12004,False,True,False,149,11.92,30.305841465777508,0.018707595692794222,0.17814738095076743,233.9156653150766
flywire_graph_3d,dense,12005,False,True,False,127,10.16,24.332852826287393,0.036363332528462924,0.05702701097890739,240.4496520134349
flywire_graph_3d,dense,12006,False,True,False,170,13.6,41.36259451369784,0.017754554350606563,0.38644717510162696,236.25304764958426
flywire_graph_3d,dense,12007,False,True,False,127,10.16,24.07646402656504,0.034464720042719416,0.04337013788933031,232.49932931457448
flywire_graph_3d,dense,12008,False,True,False,179,14.32,45.26703529774172,0.001107358971655873,0.4550710725493593,232.71297182700488
flywire_graph_3d,dense,12009,False,True,False,136,10.88,25.276063593358646,0.011695605678509864,0.009797338915214948,236.81679928867038
flywire_graph_3d,dense,12010,False,True,False,130,10.4,23.53733720175184,0.007050946706213471,-0.01126169837295432,235.97357123015593
flywire_graph_3d,dense,12011,False,True,False,167,13.36,32.20067298051775,0.013841285956199104,0.08713180180509184,255.02264305871137
flywire_graph_3d,dense,12012,False,True,False,137,10.96,29.253532086358494,0.04469440448602007,0.1885528321563622,242.06945196773015
flywire_graph_3d,dense,12013,False,True,False,145,11.6,30.28941234372386,0.04572658189249407,0.16087654298696108,256.1207635906236
flywire_graph_3d,dense,12014,False,True,False,145,11.6,30.047087558327917,0.007583488098348972,0.1682863470710605,240.32472223364587
flywire_graph_3d,dense,12015,False,True,False,169,13.52,29.246066252421254,0.012647358752276908,0.06695779512940425,263.8515165577141
flywire_bilateral_3d,dense,12000,True,False,False,293,23.44,87.31807666817615,2.222949603995441,0.9787356407641423,348.78791906670654
flywire_bilateral_3d,dense,12001,True,False,False,216,17.28,69.53346671208318,1.6381278741351615,0.9768972686821097,341.2307191023569
flywire_bilateral_3d,dense,12002,True,False,False,281,22.48,86.95260038562262,2.7457056025635014,0.97800830277796,356.8779919926223
flywire_bilateral_3d,dense,12003,True,False,False,305,24.400000000000002,85.65721679040213,1.5632590675827296,0.9777185926216659,344.7787841919382
flywire_bilateral_3d,dense,12004,True,False,False,332,26.560000000000002,94.18217954912699,1.7659086473897925,0.9764273138533518,361.43311366006867
flywire_bilateral_3d,dense,12005,True,False,False,222,17.76,69.57542990033936,1.738547260398431,0.9751231022504303,358.21297179764923
flywire_bilateral_3d,dense,12006,True,False,False,192,15.36,64.18483897557475,2.5743594992073207,0.9755216875373619,339.99393902680214
flywire_bilateral_3d,dense,12007,True,False,False,214,17.12,69.74263871533535,2.50451620800582,0.9770515410456319,338.52858708248795
flywire_bilateral_3d,dense,12008,True,False,False,232,18.56,70.42546869973123,1.615505740896135,0.9750876238970528,353.94810326798853
flywire_bilateral_3d,dense,12009,True,False,False,275,22.0,81.13842358764688,2.6969093099546706,0.97883084408806,348.7039522521875
flywire_bilateral_3d,dense,12010,True,False,False,231,18.48,69.43495550023094,1.9202965044446176,0.9756963184692521,362.99394068683125
flywire_bilateral_3d,dense,12011,True,False,False,285,22.8,86.3828243103145,2.7208003168160166,0.9787650298253278,348.2799834097948
flywire_bilateral_3d,dense,12012,True,False,False,239,19.12,68.60082221872317,1.1336996841215727,0.976996671203762,352.96081468875997
flywire_bilateral_3d,dense,12013,True,False,False,202,16.16,66.32586513468047,2.688202747392851,0.9761345667007322,362.29151860110017
flywire_bilateral_3d,dense,12014,True,False,False,210,16.8,68.19948583297302,2.7446044313091855,0.9751263377769245,346.3894206409653
flywire_bilateral_3d,dense,12015,True,False,False,232,18.56,70.54956803842104,1.8772319756162548,0.9755593887833236,339.2127282809113
classical_vfh_3d,dense,12000,True,False,False,273,21.84,59.57985991372927,0.10467982026728917,0.979762259262693,76.40216806596452
classical_vfh_3d,dense,12001,True,False,False,225,18.0,59.745279512218005,0.15999279757034524,0.9789283586253598,72.72855171726809
classical_vfh_3d,dense,12002,True,False,False,194,15.52,59.283522100489336,0.058015784818419736,0.9799708201988847,75.790016988734
classical_vfh_3d,dense,12003,True,False,False,234,18.72,59.74428483338314,0.2687554810030197,0.9759152833131063,73.31766149339576
classical_vfh_3d,dense,12004,True,False,False,220,17.6,59.56868078994591,0.14338658428440487,0.9753321164659756,71.38824148569256
classical_vfh_3d,dense,12005,True,False,False,208,16.64,59.54892418380994,0.1940439029300185,0.9750824488597855,71.66929096386481
classical_vfh_3d,dense,12006,True,False,False,255,20.400000000000002,59.69042696125562,0.24904438881251467,0.9790949096848581,73.0035349489281
classical_vfh_3d,dense,12007,True,False,False,306,24.48,59.441822712849756,0.17714879961821328,0.9781315054737648,72.9245201036261
classical_vfh_3d,dense,12008,True,False,False,209,16.72,59.629191067181736,0.21900592041432976,0.9763231864945442,76.30334988806807
classical_vfh_3d,dense,12009,True,False,False,237,18.96,59.54510243001418,0.07343931186936414,0.9777594999818813,73.21765201307738
classical_vfh_3d,dense,12010,True,False,False,210,16.8,59.24169407875791,0.03484614699099797,0.9768958566534275,78.75075236716796
classical_vfh_3d,dense,12011,True,False,False,191,15.280000000000001,59.64296572845587,0.025765328914573393,0.975452438392552,76.28574290834563
classical_vfh_3d,dense,12012,True,False,False,221,17.68,59.67257449447579,0.21642780018622698,0.9783181586308555,71.68345634796029
classical_vfh_3d,dense,12013,True,False,False,193,15.44,59.24445303250347,0.2122125064119964,0.9791892231159031,76.15214089472137
classical_vfh_3d,dense,12014,True,False,False,227,18.16,59.76248208036683,0.14723856088585885,0.9789117091469738,71.95962595010775
classical_vfh_3d,dense,12015,True,False,False,227,18.16,59.953104034498786,0.11473741588324815,0.980492931368426,69.84483700918469
