controller,difficulty,success_rate,collision_rate,mean_time_s,mean_path_m,mean_min_clearance_m,mean_decision_us
fly_connectome,sparse,0.6333333333,0.0,35.9493333333,108.3586253671,2.3589905796,60.7417071877
fly_connectome,cluttered,0.8666666667,0.0,36.5066666667,94.7854295718,1.0743962038,60.5879344347
fly_connectome,dense,0.8,0.0333333333,40.168,95.3670474729,0.4891001504,61.7062522305
modified_fly,sparse,0.7666666667,0.0,26.792,95.7628464277,2.9933033002,64.0488116425
modified_fly,cluttered,0.9333333333,0.0333333333,22.952,72.3914968681,1.4084193483,64.2935312955
modified_fly,dense,1.0,0.0,26.1653333333,77.0374470487,0.7875683103,65.0163792201
classical_vfh,sparse,1.0,0.0,16.3626666667,49.3105806917,0.7905414265,56.8070332877
classical_vfh,cluttered,1.0,0.0,20.208,49.6582251956,0.0744652661,57.5838255402
classical_vfh,dense,1.0,0.0,22.712,50.1682319269,0.0448978550,57.6806730788
