rank,node_index,root_id,type,side,gate,is_input,is_output
1,237,720575940627645514,DNp03,left,1.0,False,True
2,231,720575940626916936,LC4,left,0.9992179870605469,True,False
3,371,720575940649229433,LC4,left,0.9952373504638672,True,False
4,123,720575940619397542,LC4,left,0.9089308977127075,True,False
5,353,720575940641216976,LPLC4,left,0.895269513130188,False,False
6,140,720575940620729816,LPLC4,left,0.877670407295227,False,False
7,248,720575940628462340,LC4,left,0.847618818283081,True,False
8,349,720575940640612480,LC4,left,0.8132306933403015,True,False
9,75,720575940615575007,LC4,left,0.7414170503616333,True,False
10,217,720575940626375172,LPLC2,left,0.7375131249427795,True,False
11,144,720575940620813989,LTe20,left,0.7306238412857056,False,False
12,61,720575940614572742,LC4,left,0.6667170524597168,True,False
13,332,720575940638456227,LC4,left,0.6101800799369812,True,False
14,280,720575940630998339,LC4,left,0.6003807187080383,True,False
15,345,720575940640172221,CL323a,left,0.5981770157814026,False,False
16,346,720575940640302389,LPLC2,left,0.5980595946311951,True,False
17,74,720575940615528678,PVLP024,right,0.5804906487464905,False,False
18,205,720575940625697772,LPLC2,left,0.5718681216239929,True,False
19,308,720575940634223514,LPLC4,left,0.5472754240036011,False,False
20,171,720575940623003653,LPLC4,left,0.51943439245224,False,False
21,90,720575940617176321,LC4,left,0.48246127367019653,True,False
22,230,720575940626886568,LPLC4,left,0.47303542494773865,False,False
23,366,720575940646414132,LPLC4,left,0.4659428596496582,False,False
24,266,720575940629368015,LPLC2,left,0.4523538053035736,True,False
25,109,720575940618608177,LPLC2,left,0.44127100706100464,True,False
26,284,720575940631338271,LC4,left,0.4290025234222412,True,False
27,279,720575940630851036,LC4,left,0.42811915278434753,True,False
28,35,720575940612518055,LC4,left,0.4201290011405945,True,False
29,204,720575940625695269,LPLC2,left,0.41731005907058716,True,False
30,277,720575940630731847,LPLC2,left,0.4150817096233368,True,False
31,8,720575940607845250,LPLC2,left,0.40946269035339355,True,False
32,158,720575940622009284,LPLC2,left,0.4057672917842865,True,False
33,169,720575940622939836,LC4,left,0.3878319561481476,True,False
34,110,720575940618676440,LC4,left,0.3870126008987427,True,False
35,262,720575940628976956,LPLC2,left,0.3454679250717163,True,False
36,301,720575940633176749,LPLC4,left,0.3428167998790741,False,False
37,167,720575940622680088,LPLC2,left,0.2942993938922882,True,False
38,4,720575940606126438,LPLC2,left,0.2832065224647522,True,False
39,29,720575940612096462,LPLC2,left,0.2461872547864914,True,False
40,375,720575940655750305,LPLC2,left,0.2359376698732376,True,False
41,65,720575940614914107,LC4,left,0.22572661936283112,True,False
42,72,720575940615332502,LPLC2,left,0.21558748185634613,True,False
43,317,720575940635497311,LPLC4,left,0.1702733188867569,False,False
44,224,720575940626605200,LC4,left,0.16614599525928497,True,False
45,22,720575940611134833,LC4,left,0.1575389802455902,True,False
46,214,720575940625991043,LC4,left,0.1422821283340454,True,False
47,285,720575940631380695,LPLC2,left,0.14198338985443115,True,False
48,291,720575940632129848,LPLC2,left,0.13455873727798462,True,False
49,149,720575940621259875,LPLC4,left,0.13341909646987915,False,False
50,44,720575940613219474,LPLC2,left,0.12237224727869034,True,False
51,133,720575940620139678,LPLC2,left,0.1122598797082901,True,False
52,47,720575940613260959,LC4,left,0.10162247717380524,True,False
53,48,720575940613470947,LPLC2,left,0.09732795506715775,True,False
54,16,720575940610522009,LC4,left,0.09705658257007599,True,False
55,89,720575940617026260,LC4,left,0.09074573963880539,True,False
56,226,720575940626626895,LC4,left,0.08682173490524292,True,False
57,126,720575940619655685,LPLC4,left,0.08149217814207077,False,False
58,292,720575940632381536,PVLP024,right,0.07153575867414474,False,False
59,347,720575940640353333,LPLC4,left,0.06951220333576202,False,False
60,138,720575940620375796,LPLC4,left,0.06923680007457733,False,False
61,114,720575940618807105,LC4,left,0.0685679242014885,True,False
62,151,720575940621514093,LPLC4,left,0.06610895693302155,False,False
63,368,720575940647369507,LPLC2,left,0.06392811238765717,True,False
64,261,720575940628921303,LPLC2,left,0.06281039863824844,True,False
65,201,720575940625216202,LPLC2,left,0.06155518814921379,True,False
66,69,720575940615127227,LC4,left,0.05421523004770279,True,False
67,181,720575940623961747,LPLC4,left,0.053292542695999146,False,False
68,342,720575940639878352,LPLC2,left,0.05135439336299896,True,False
69,211,720575940625925450,LPLC4,left,0.049952153116464615,False,False
70,73,720575940615462587,LC4,left,0.04845745861530304,True,False
71,321,720575940636295019,LPLC2,left,0.04808903485536575,True,False
72,234,720575940627471619,LPLC4,left,0.04572281613945961,False,False
73,352,720575940641213824,LC4,right,0.039878446608781815,True,False
74,218,720575940626384200,LPLC2,left,0.037906233221292496,True,False
75,339,720575940639109795,LPLC2,left,0.037626348435878754,True,False
76,255,720575940628699560,LC4,left,0.03489328920841217,True,False
77,120,720575940619197318,LPLC2,left,0.031775496900081635,True,False
78,119,720575940619159233,LPLC4,left,0.030597461387515068,False,False
79,156,720575940621759169,LPLC4,left,0.030211903154850006,False,False
80,232,720575940627149514,LPLC4,left,0.02877073362469673,False,False
81,57,720575940614209576,LPLC4,left,0.028744323179125786,False,False
82,113,720575940618723749,LC4,left,0.028160208836197853,True,False
83,49,720575940613491826,LPLC4,left,0.026675110682845116,False,False
84,82,720575940616083345,LPLC2,left,0.02497195266187191,True,False
85,96,720575940617687382,LPLC4,left,0.023991087451577187,False,False
86,250,720575940628523113,LPLC4,left,0.021003086119890213,False,False
87,362,720575940645336100,LPLC4,left,0.020839251577854156,False,False
88,221,720575940626435850,LPLC4,left,0.020744523033499718,False,False
89,337,720575940638910040,PVLP151,right,0.019913166761398315,False,False
90,59,720575940614492397,PVLP151,right,0.01988387294113636,False,False
91,220,720575940626414279,LPLC2,left,0.01985018700361252,True,False
92,322,720575940636418740,LPLC4,left,0.01964389532804489,False,False
93,191,720575940624531652,LPLC2,left,0.019029701128602028,True,False
94,26,720575940611821334,LPLC2,left,0.01880001090466976,True,False
95,175,720575940623551684,LPLC2,left,0.018229128792881966,True,False
96,311,720575940634839964,LPLC4,left,0.018099050968885422,False,False
97,166,720575940622560094,LPLC4,left,0.018035568296909332,False,False
98,200,720575940625038090,LC4,left,0.017576660960912704,True,False
99,372,720575940652611745,LC4,right,0.017281297594308853,True,False
100,19,720575940610738898,PS181,left,0.01691274903714657,False,False
101,180,720575940623945194,LPLC4,left,0.015554983168840408,False,False
102,185,720575940624111763,LC4,left,0.01478244923055172,True,False
103,137,720575940620346758,LPLC4,left,0.01460404135286808,False,False
104,32,720575940612380723,LC4,right,0.014381307177245617,True,False
105,132,720575940620054694,DNp11,left,0.01421996671706438,False,False
106,225,720575940626617084,LPLC2,left,0.01405196264386177,True,False
107,315,720575940635234478,LPLC2,left,0.013704597018659115,True,False
108,38,720575940612766691,LPLC2,left,0.013590686954557896,True,False
109,115,720575940618818629,LPLC4,left,0.013437120243906975,False,False
110,213,720575940625934973,LC4,left,0.013337647542357445,True,False
111,146,720575940620903551,LC4,left,0.012613089755177498,True,False
112,341,720575940639817947,LC4,right,0.012525489553809166,True,False
113,81,720575940616066705,LC4,right,0.012427273206412792,True,False
114,306,720575940633746515,PVLP015,left,0.01236299891024828,False,False
115,365,720575940645821316,LC4,right,0.012295781634747982,True,False
116,122,720575940619309632,LPLC4,left,0.012153316289186478,False,False
117,219,720575940626408454,LPLC4,left,0.011887209489941597,False,False
118,92,720575940617289782,LPLC2,left,0.01166912354528904,True,False
119,318,720575940635516084,LPLC2,left,0.011433355510234833,True,False
120,344,720575940639895003,LPLC2,left,0.011313860304653645,True,False
121,117,720575940618927892,LPLC2,left,0.01130871381610632,True,False
122,359,720575940643740964,LPLC2,left,0.011184821836650372,True,False
123,265,720575940629320010,LPLC4,left,0.01108839362859726,False,False
124,55,720575940613984578,LPLC4,left,0.010554333217442036,False,False
125,159,720575940622108001,LC4,left,0.010535701178014278,True,False
126,15,720575940610226645,LPLC2,left,0.010521483607590199,True,False
127,369,720575940647966260,PVLP024,left,0.010462271049618721,False,False
128,273,720575940630321464,LPLC4,left,0.010236487723886967,False,False
129,0,720575940603637438,LC4,right,0.009248537011444569,True,False
130,63,720575940614631079,LPLC2,left,0.009053364396095276,True,False
131,356,720575940642181005,LPLC4,left,0.009051709435880184,False,False
132,12,720575940609063236,LPLC4,left,0.008790423162281513,False,False
133,264,720575940629292785,LPLC2,left,0.008617979474365711,True,False
134,128,720575940619750822,LPLC2,left,0.00851258635520935,True,False
135,116,720575940618886710,PVLP076,left,0.00847897119820118,False,False
136,320,720575940635835967,LC4,right,0.008294924162328243,True,False
137,327,720575940636957006,LC4,right,0.008248676545917988,True,False
138,340,720575940639177449,LPLC2,right,0.007999732159078121,True,False
139,186,720575940624203972,LPLC4,left,0.007709055673331022,False,False
140,64,720575940614738444,LPLC2,left,0.007542784791439772,True,False
141,1,720575940603989420,LPLC2,left,0.007412778679281473,True,False
142,118,720575940619014981,LPLC4,left,0.007318148855119944,False,False
143,176,720575940623652083,LPLC2,left,0.0072111873887479305,True,False
144,300,720575940633013355,LC4,right,0.007167595438659191,True,False
145,203,720575940625574844,LPLC4,left,0.007149639539420605,False,False
146,130,720575940619981494,LPLC2,left,0.007031254004687071,True,False
147,357,720575940642397128,LPLC2,right,0.0068528619594872,True,False
148,28,720575940612093351,LC4,right,0.0068454439751803875,True,False
149,104,720575940618275520,LC4,right,0.006761169992387295,True,False
150,143,720575940620795728,LC4,left,0.006754810456186533,True,False
151,147,720575940621067204,PVLP021,left,0.006451066583395004,False,False
152,31,720575940612323025,LC4,right,0.00645078532397747,True,False
153,162,720575940622312072,LPLC2,left,0.0064043402671813965,True,False
154,135,720575940620314221,LC4,right,0.006272909697145224,True,False
155,299,720575940632779932,LPLC2,left,0.006270190700888634,True,False
156,62,720575940614582946,LC4,right,0.006238296627998352,True,False
157,290,720575940632080146,LPLC2,left,0.006199212279170752,True,False
158,121,720575940619263937,LPLC2,left,0.006096120458096266,True,False
159,150,720575940621365236,PVLP021,left,0.006013429258018732,False,False
160,41,720575940612968421,LC4,right,0.006009391974657774,True,False
161,269,720575940629964591,LC4,right,0.005971942562609911,True,False
162,111,720575940618709158,LC4,right,0.005957843270152807,True,False
163,46,720575940613256863,LC4,left,0.005895510315895081,True,False
164,51,720575940613638041,LC4,right,0.005886083468794823,True,False
165,243,720575940628081541,LC4,left,0.005881635006517172,True,False
166,296,720575940632715234,LC4,right,0.005856356117874384,True,False
167,102,720575940618266459,LC4,right,0.005812429822981358,True,False
168,21,720575940611091012,CB3513b,left,0.0056920405477285385,False,False
169,101,720575940618234715,LC4,right,0.005486560054123402,True,False
170,271,720575940630154660,LC4,right,0.00548325153067708,True,False
171,190,720575940624417584,LPLC2,left,0.0054217237047851086,True,False
172,94,720575940617348379,LC4,right,0.005295764654874802,True,False
173,247,720575940628454522,LC4,left,0.005220068618655205,True,False
174,100,720575940618234704,LC4,right,0.005214854143559933,True,False
175,45,720575940613238418,LPLC4,left,0.005213397089391947,False,False
176,350,720575940640834211,PVLP011,left,0.005173723679035902,False,False
177,103,720575940618267227,LC4,right,0.005169528070837259,True,False
178,314,720575940635119723,LHAD1g1,left,0.0050795841962099075,False,False
179,148,720575940621145821,LC4,right,0.005016889423131943,True,False
180,70,720575940615232217,LC4,right,0.004987915512174368,True,False
181,157,720575940621914904,LPLC2,left,0.00488205486908555,True,False
182,127,720575940619709972,PVLP024,left,0.0047873021103441715,False,False
183,283,720575940631312428,LPLC2,right,0.004769118968397379,True,False
184,242,720575940628064260,LC4,left,0.004727249965071678,True,False
185,212,720575940625932421,LC4,right,0.004656221251934767,True,False
186,91,720575940617266722,LC4,left,0.0046532792039215565,True,False
187,34,720575940612498129,LC4,right,0.004624161869287491,True,False
188,376,720575940661316993,LPLC2,right,0.004600103944540024,True,False
189,361,720575940645328436,LPLC2,left,0.00457430724054575,True,False
190,260,720575940628891863,LC4,right,0.004535033367574215,True,False
191,50,720575940613609484,LC4,right,0.004515182226896286,True,False
192,223,720575940626553596,LC4,right,0.004451626446098089,True,False
193,295,720575940632711052,LPLC2,right,0.004412402398884296,True,False
194,254,720575940628606713,LC4,right,0.004410559311509132,True,False
195,7,720575940607683011,LPLC2,right,0.004408095497637987,True,False
196,141,720575940620731380,LC4,right,0.004402789752930403,True,False
197,136,720575940620314612,LC4,right,0.004395496565848589,True,False
198,307,720575940634146967,LPLC2,right,0.004389547277241945,True,False
199,330,720575940637702222,LPLC2,right,0.004379688762128353,True,False
200,249,720575940628518400,LC4,right,0.00437929155305028,True,False
201,286,720575940631397549,LPLC2,right,0.0043435534462332726,True,False
202,152,720575940621522458,LC4,right,0.0042782980017364025,True,False
203,336,720575940638857048,LPLC2,right,0.00426074443385005,True,False
204,328,720575940636999401,LPLC2,right,0.004238782450556755,True,False
205,333,720575940638496720,LC4,left,0.004226555582135916,True,False
206,246,720575940628419527,LC4,right,0.004213924985378981,True,False
207,95,720575940617480094,LPLC2,left,0.00419518630951643,True,False
208,177,720575940623769783,LPLC2,right,0.004169507883489132,True,False
209,252,720575940628599895,LC4,right,0.0041631292551755905,True,False
210,17,720575940610536290,LPLC2,right,0.004147726576775312,True,False
211,163,720575940622330582,LC4,right,0.004129649605602026,True,False
212,251,720575940628552247,LPLC2,left,0.004107894375920296,True,False
213,18,720575940610681829,LPLC2,right,0.004076287150382996,True,False
214,53,720575940613804906,LPLC2,right,0.004075775854289532,True,False
215,288,720575940631742405,LPLC2,right,0.0040738545358181,True,False
216,289,720575940632009167,LPLC2,left,0.004072554409503937,True,False
217,281,720575940631032657,LC4,right,0.0040479544550180435,True,False
218,37,720575940612580977,LC4,left,0.004040032159537077,True,False
219,253,720575940628603842,LPLC2,right,0.004025002475827932,True,False
220,367,720575940647358243,LPLC2,right,0.004018859937787056,True,False
221,236,720575940627553923,LPLC2,right,0.004017772153019905,True,False
222,235,720575940627519107,LC4,left,0.004015387501567602,True,False
223,287,720575940631582751,LPLC2,right,0.004010653123259544,True,False
224,202,720575940625477721,LPLC2,left,0.00399797223508358,True,False
225,294,720575940632512226,LPLC2,right,0.003988910000771284,True,False
226,319,720575940635572592,LPLC2,right,0.003985223360359669,True,False
227,293,720575940632475449,LC4,right,0.003983141854405403,True,False
228,2,720575940605598892,LC4,left,0.003979139029979706,True,False
229,23,720575940611352234,LPLC2,right,0.00397479860112071,True,False
230,131,720575940620001718,LPLC2,right,0.003970149904489517,True,False
231,276,720575940630719831,LPLC2,right,0.003954507410526276,True,False
232,326,720575940636950505,LPLC2,right,0.003947506193071604,True,False
233,6,720575940606855554,LPLC2,right,0.003946542274206877,True,False
234,354,720575940641552347,LPLC2,left,0.003946182783693075,True,False
235,360,720575940645180196,LPLC2,right,0.003946023527532816,True,False
236,358,720575940642414837,LPLC2,left,0.00394417205825448,True,False
237,364,720575940645699124,LPLC2,right,0.00394399045035243,True,False
238,267,720575940629384271,LPLC2,right,0.003935995977371931,True,False
239,238,720575940627685765,LPLC2,left,0.003932244144380093,True,False
240,274,720575940630484495,LC4,left,0.003925969824194908,True,False
241,303,720575940633552685,LPLC2,right,0.003913899417966604,True,False
242,239,720575940627902078,LPLC2,left,0.003913561347872019,True,False
243,363,720575940645407268,LPLC2,left,0.0039054390508681536,True,False
244,106,720575940618312606,LC4,left,0.0038990520406514406,True,False
245,210,720575940625906702,LC4,right,0.0038970618043094873,True,False
246,33,720575940612462307,LPLC2,right,0.003891168860718608,True,False
247,228,720575940626745392,LPLC2,right,0.0038780998438596725,True,False
248,42,720575940612994929,LPLC2,right,0.0038770646788179874,True,False
249,196,720575940624903064,LPLC2,right,0.0038763133343309164,True,False
250,244,720575940628197892,LPLC2,right,0.0038728497456759214,True,False
251,374,720575940653742753,LPLC2,right,0.0038724506739526987,True,False
252,348,720575940640510427,LPLC2,right,0.00386981014162302,True,False
253,313,720575940635040357,LPLC2,right,0.0038514358457177877,True,False
254,302,720575940633218863,LC4,right,0.0038433726876974106,True,False
255,10,720575940608088259,LPLC2,left,0.0038424869999289513,True,False
256,241,720575940628039034,LPLC2,right,0.0038395789451897144,True,False
257,316,720575940635307639,LPLC2,left,0.003835370298475027,True,False
258,168,720575940622769159,LPLC2,right,0.003834455506876111,True,False
259,198,720575940624931530,LPLC2,right,0.0038331623654812574,True,False
260,30,720575940612254701,LPLC2,right,0.003827787935733795,True,False
261,270,720575940629967703,LPLC2,right,0.00382738234475255,True,False
262,195,720575940624856762,LC4,right,0.0038193115033209324,True,False
263,351,720575940640926627,CB3513a,left,0.0038167161401361227,False,False
264,145,720575940620887834,LPLC2,right,0.0038166907615959644,True,False
265,324,720575940636539102,LPLC2,right,0.0038086550775915384,True,False
266,297,720575940632769180,LC4,left,0.003807146567851305,True,False
267,370,720575940648418425,LPLC2,left,0.0038051737938076258,True,False
268,233,720575940627368254,LPLC2,left,0.0038046170957386494,True,False
269,20,720575940610953651,LPLC2,right,0.0038036108016967773,True,False
270,25,720575940611740569,LPLC2,right,0.003803072264418006,True,False
271,331,720575940637958709,LPLC2,right,0.0038017104379832745,True,False
272,179,720575940623925774,LPLC2,left,0.003801146987825632,True,False
273,329,720575940637088602,LPLC2,right,0.0037994629237800837,True,False
274,256,720575940628778058,LPLC2,right,0.003794401418417692,True,False
275,275,720575940630650936,LPLC2,right,0.003792392322793603,True,False
276,86,720575940616491993,LPLC2,right,0.0037917797453701496,True,False
277,112,720575940618711535,LPLC2,right,0.0037907082587480545,True,False
278,304,720575940633580384,LC4,left,0.0037903012707829475,True,False
279,227,720575940626735016,LPLC2,right,0.0037900747265666723,True,False
280,125,720575940619654149,LPLC2,right,0.003788638161495328,True,False
281,282,720575940631095158,LPLC2,right,0.003786918008700013,True,False
282,98,720575940618002644,LC4,left,0.003783494234085083,True,False
283,52,720575940613763759,LPLC2,left,0.0037791633512824774,True,False
284,309,720575940634517856,LC4,left,0.0037764788139611483,True,False
285,142,720575940620783180,LPLC2,right,0.003771810559555888,True,False
286,373,720575940653666465,LPLC2,left,0.0037698629312217236,True,False
287,87,720575940616713355,LC4,left,0.00376798864454031,True,False
288,305,720575940633588320,LPLC2,right,0.0037598316557705402,True,False
289,188,720575940624244922,LPLC2,right,0.003758833510801196,True,False
290,77,720575940615920453,LPLC2,right,0.003758585313335061,True,False
291,184,720575940624017251,LC4,left,0.0037577301263809204,True,False
292,71,720575940615288203,LPLC2,right,0.0037562826182693243,True,False
293,207,720575940625835278,LPLC2,right,0.0037506783846765757,True,False
294,66,720575940615053580,LC4,left,0.0037486176006495953,True,False
295,278,720575940630831185,LPLC2,left,0.003748126095160842,True,False
296,258,720575940628849668,LPLC2,right,0.0037443493492901325,True,False
297,40,720575940612944382,LPLC2,right,0.003741982625797391,True,False
298,27,720575940612045352,LPLC2,right,0.003740451065823436,True,False
299,85,720575940616377817,LPLC2,left,0.003737047780305147,True,False
300,56,720575940614067167,LPLC2,right,0.0037368065677583218,True,False
301,108,720575940618538641,LPLC2,right,0.0037348149344325066,True,False
302,60,720575940614526974,LPLC2,right,0.0037348114419728518,True,False
303,199,720575940625001735,LPLC2,right,0.00373189733363688,True,False
304,165,720575940622531767,LC4,left,0.0037315732333809137,True,False
305,206,720575940625700739,LPLC2,left,0.003731085918843746,True,False
306,173,720575940623262461,LPLC2,left,0.0037307969760149717,True,False
307,153,720575940621634913,LPLC2,right,0.0037301976699382067,True,False
308,194,720575940624790781,LC4,right,0.00372911524027586,True,False
309,139,720575940620575476,LPLC2,right,0.003728720126673579,True,False
310,245,720575940628395797,LPLC2,left,0.003728291718289256,True,False
311,39,720575940612874536,LPLC2,left,0.0037276078946888447,True,False
312,99,720575940618172509,LPLC2,right,0.0037272823974490166,True,False
313,124,720575940619627934,LPLC2,right,0.003726814640685916,True,False
314,216,720575940626236041,LPLC2,left,0.003726350609213114,True,False
315,67,720575940615055989,LPLC2,left,0.0037262465339154005,True,False
316,164,720575940622425271,LPLC2,left,0.003725209506228566,True,False
317,263,720575940628990214,LPLC2,right,0.003723961766809225,True,False
318,268,720575940629753807,LC4,left,0.0037231463938951492,True,False
319,105,720575940618307046,LPLC2,right,0.0037230541929602623,True,False
320,76,720575940615907723,LPLC2,left,0.0037225093692541122,True,False
321,272,720575940630209603,LPLC2,left,0.0037218749057501554,True,False
322,83,720575940616116697,LPLC2,right,0.0037207873538136482,True,False
323,84,720575940616166685,LPLC2,right,0.003720761276781559,True,False
324,298,720575940632777124,LPLC2,left,0.0037197500932961702,True,False
325,192,720575940624611002,LPLC2,right,0.003719635307788849,True,False
326,178,720575940623827348,LPLC2,left,0.0037193172611296177,True,False
327,187,720575940624208824,LPLC2,left,0.003718349151313305,True,False
328,78,720575940615953302,LPLC2,left,0.003718331456184387,True,False
329,54,720575940613821290,LPLC2,right,0.003717993851751089,True,False
330,79,720575940615967377,LPLC2,right,0.0037177572958171368,True,False
331,193,720575940624755504,LPLC2,left,0.003716846462339163,True,False
332,240,720575940627902979,LPLC2,right,0.0037163591478019953,True,False
333,257,720575940628847164,LPLC2,left,0.0037157093174755573,True,False
334,355,720575940641704656,LPLC2,left,0.0037154867313802242,True,False
335,11,720575940608875531,LPLC2,left,0.003713902086019516,True,False
336,68,720575940615116731,LPLC2,right,0.0037136091850697994,True,False
337,43,720575940613145258,LPLC2,left,0.003713173558935523,True,False
338,174,720575940623333770,LPLC2,right,0.0037130233831703663,True,False
339,80,720575940616008854,LPLC2,left,0.003712952835485339,True,False
340,335,720575940638835288,LPLC2,left,0.0037128329277038574,True,False
341,93,720575940617294219,LPLC2,left,0.003712654812261462,True,False
342,24,720575940611567638,LPLC2,left,0.00371140637435019,True,False
343,310,720575940634700980,LPLC2,left,0.003709557233378291,True,False
344,129,720575940619900993,LPLC2,left,0.0037093423306941986,True,False
345,338,720575940638922624,LPLC2,right,0.003708943957462907,True,False
346,160,720575940622156799,LPLC2,left,0.0037087025120854378,True,False
347,9,720575940607854531,LPLC2,left,0.0037084065843373537,True,False
348,58,720575940614373279,LPLC2,right,0.0037075821310281754,True,False
349,134,720575940620306904,LPLC2,left,0.0037064040079712868,True,False
350,88,720575940616735489,LPLC2,right,0.0037063127383589745,True,False
351,189,720575940624359093,LPLC2,left,0.003705747192725539,True,False
352,323,720575940636529520,LPLC2,left,0.0037042160984128714,True,False
353,155,720575940621753579,LC4,right,0.0037040470633655787,True,False
354,334,720575940638626118,LPLC2,left,0.0037029737140983343,True,False
355,172,720575940623047629,LPLC2,right,0.0037024691700935364,True,False
356,36,720575940612560680,LPLC2,left,0.0037024496123194695,True,False
357,312,720575940635004271,LPLC2,left,0.0037017585709691048,True,False
358,343,720575940639884878,LPLC2,left,0.003700160188600421,True,False
359,222,720575940626447848,LPLC2,right,0.003699615364894271,True,False
360,161,720575940622174463,LPLC2,right,0.0036983201280236244,True,False
361,3,720575940605825666,LPLC2,right,0.003697754582390189,True,False
362,14,720575940610116757,LPLC2,right,0.003697754582390189,True,False
363,13,720575940609592674,LPLC2,right,0.003697754582390189,True,False
364,259,720575940628884496,DNp03,right,0.003697754582390189,False,True
365,215,720575940626161930,LPLC2,right,0.003697754582390189,True,False
366,182,720575940624014524,LPLC2,right,0.003697754582390189,True,False
367,170,720575940622992205,LPLC2,right,0.003697754582390189,True,False
368,107,720575940618450496,LPLC2,right,0.003697754582390189,True,False
369,229,720575940626873000,LPLC2,right,0.003697754582390189,True,False
370,197,720575940624919077,LPLC2,right,0.003697754582390189,True,False
371,325,720575940636878682,LPLC2,right,0.003697754582390189,True,False
372,5,720575940606217138,LPLC2,right,0.003697754582390189,True,False
373,183,720575940624016778,LPLC2,right,0.00365636870265007,True,False
374,209,720575940625845447,LC4,right,0.003629604121670127,True,False
375,208,720575940625841351,LC4,right,0.0035596038214862347,True,False
376,97,720575940617997241,LPLC2,left,0.0033052845392376184,True,False
377,154,720575940621726698,PVLP100,left,0.003219419391825795,False,False
