controller,difficulty,seed,success,collision,timeout,steps,time_s,path_m,min_clearance_m,progress,decision_us
fly_connectome,sparse,7000,False,False,True,650,52.0,158.68692108359608,1.1271607797960699,0.801176859369523,61.56400034132485
fly_connectome,sparse,7001,True,False,False,371,29.68,92.20534608599726,1.9881780850341708,0.9798719081652868,61.0870624217142
fly_connectome,sparse,7002,True,False,False,390,31.2,102.51035696692705,2.779152994641755,0.9815584386820194,60.82743616738858
fly_connectome,sparse,7003,True,False,False,291,23.28,64.544346287609,3.3169779011418985,0.9777079277714742,60.1268043986416
fly_connectome,sparse,7004,False,False,True,650,52.0,172.98172512562576,1.7587456711566474,0.8821762293676217,60.58277029436655
fly_connectome,sparse,7005,True,False,False,301,24.080000000000002,68.81545084689905,3.08177900418179,0.9782739569538498,60.299335804108864
fly_connectome,sparse,7006,False,False,True,650,52.0,174.84365733828832,5.373517895261727,0.8729051828732128,61.848769188285445
fly_connectome,sparse,7007,True,False,False,232,18.56,58.75800391399485,4.5664067980062235,0.9788538128035809,60.12931006462795
fly_connectome,sparse,7008,True,False,False,287,22.96,70.58454462916075,3.701484802174208,0.9769843183822279,60.92473793976035
fly_connectome,sparse,7009,False,False,True,650,52.0,133.17674302490906,0.8832408058960679,0.9017480191977123,61.79446130632781
fly_connectome,sparse,7010,True,False,False,360,28.8,79.42080721657966,0.5511027506123054,0.9771835863589584,60.379999194992706
fly_connectome,sparse,7011,True,False,False,304,24.32,69.51740100616726,1.2991817042913105,0.976930783828761,59.73486737562589
fly_connectome,sparse,7012,False,False,True,650,52.0,159.49341226275834,2.955557879602559,0.4371366099812335,60.732461637459124
fly_connectome,sparse,7013,False,False,True,650,52.0,174.52335188875716,5.017420937372358,0.8553353792938204,60.9086155712318
fly_connectome,sparse,7014,True,False,False,463,37.04,109.81239920364821,1.2530519526364658,0.9819788011734766,60.7630670534298
fly_connectome,sparse,7015,True,False,False,286,22.88,67.96232129125985,1.1438460642221837,0.9763935230740969,65.00734258491963
fly_connectome,sparse,7016,True,False,False,378,30.240000000000002,84.96004159013216,1.5067834300683347,0.9784925643196193,61.13148092048331
fly_connectome,sparse,7017,True,False,False,326,26.080000000000002,77.3232577366843,3.374650049773382,0.977081850444505,61.34815830480239
fly_connectome,sparse,7018,True,False,False,280,22.400000000000002,60.513747428620505,1.8649176092420359,0.9761465376563793,60.58178592606315
fly_connectome,sparse,7019,False,False,True,650,52.0,156.76135052313788,0.686305745735275,0.8607179573339011,61.27030749876912
fly_connectome,sparse,7020,False,False,True,650,52.0,159.91004443267127,1.9261591388941315,0.9238797398813429,59.730614839981385
fly_connectome,sparse,7021,False,False,True,650,52.0,172.73178301802886,4.4388004178216205,0.9092838829263808,60.15184586151288
fly_connectome,sparse,7022,True,False,False,319,25.52,73.94931877740089,0.92596207405369,0.9784725785994068,59.47492152180955
fly_connectome,sparse,7023,True,False,False,378,30.240000000000002,85.24113677418482,4.191574389216718,0.9776249321738134,60.13386212991521
fly_connectome,sparse,7024,False,False,True,650,52.0,150.39734041676107,0.8397282567066763,0.9043781331756688,60.45230749385575
fly_connectome,sparse,7025,True,False,False,356,28.48,76.91610302398941,2.1939632329773,0.9793915768334188,59.69915619470556
fly_connectome,sparse,7026,True,False,False,398,31.84,92.20902140163756,0.9020067248306818,0.9777152237065168,61.19371823271521
fly_connectome,sparse,7027,True,False,False,254,20.32,60.09281509746624,4.169611792407006,0.9785693511248587,59.973621533772956
fly_connectome,sparse,7028,False,False,True,650,52.0,157.86806120628887,2.5060176844406734,0.11377125205781469,60.36646104453561
fly_connectome,sparse,7029,True,False,False,357,28.560000000000002,84.04795141375689,0.4464308148010834,0.979348067165426,60.03193278452616
modified_fly,sparse,7000,True,False,False,196,15.68,55.25597233951012,3.201316273472264,0.9786861320497384,63.63877497390103
modified_fly,sparse,7001,True,False,False,246,19.68,69.93571636981612,2.792085456651311,0.976864400527918,64.09065004786461
modified_fly,sparse,7002,False,False,True,650,52.0,191.3873000869855,3.126589720500805,0.886319330792691,63.90630764564356
modified_fly,sparse,7003,True,False,False,361,28.88,96.74876833161869,0.600554068307743,0.9762493764596306,64.02299055440088
modified_fly,sparse,7004,True,False,False,183,14.64,53.65983834420019,6.821875381824686,0.9772607054466182,63.20218595706659
modified_fly,sparse,7005,True,False,False,220,17.6,63.248959450433105,2.474450134379997,0.9800278816280015,63.27181842855432
modified_fly,sparse,7006,False,False,True,650,52.0,193.4737384192504,4.619184827452736,0.8274429708274539,64.19784689429574
modified_fly,sparse,7007,True,False,False,200,16.0,60.01701553836364,5.019467012550707,0.9780388690817935,63.65850014844909
modified_fly,sparse,7008,True,False,False,302,24.16,85.53364606478331,3.6251576759104784,0.9768391061201827,63.192051822251784
modified_fly,sparse,7009,True,False,False,213,17.04,62.40611943345675,2.627275564427172,0.9774499335212439,63.60422460222398
modified_fly,sparse,7010,True,False,False,192,15.36,53.30932092525154,3.4438718055674356,0.9770348060907154,64.3192700711855
modified_fly,sparse,7011,True,False,False,212,16.96,63.1147204888112,3.2891390895873385,0.9767752062863269,65.09528241124671
modified_fly,sparse,7012,False,False,True,650,52.0,165.16702186964542,2.201295022145378,0.9607920219876375,64.40676909943039
modified_fly,sparse,7013,False,False,True,650,52.0,192.0736346709741,4.136804792123903,0.961092379502175,64.74538419682246
modified_fly,sparse,7014,False,False,True,650,52.0,186.59820672068287,2.4327558655821986,0.9571729888725778,64.9098458681972
modified_fly,sparse,7015,True,False,False,201,16.080000000000002,60.35473366053622,3.7202786752732355,0.97846316485619,65.00895546902137
modified_fly,sparse,7016,True,False,False,254,20.32,68.39337125622122,2.5678891124387375,0.9780542833750825,63.441733199017726
modified_fly,sparse,7017,True,False,False,249,19.92,70.63827810337649,4.28824905432468,0.977162822794125,63.985140375179576
modified_fly,sparse,7018,True,False,False,205,16.4,60.923234611235465,2.862309075011438,0.9769424851639739,63.61463513202602
modified_fly,sparse,7019,False,False,True,650,52.0,190.2125138893286,1.1368284887947175,0.9130337922553132,63.63692245661066
modified_fly,sparse,7020,True,False,False,198,15.84,57.084658060834464,3.639634893794859,0.9804148851343898,66.21666640664141
modified_fly,sparse,7021,False,False,True,650,52.0,192.77362395353265,4.024490241688088,0.8612391528218617,63.72522992583421
modified_fly,sparse,7022,True,False,False,283,22.64,73.6397074759772,0.46399240075589,0.981179010732384,64.19045718176152
modified_fly,sparse,7023,True,False,False,238,19.04,66.29395063889412,3.2446743245347656,0.9767155982952884,63.525209792287036
modified_fly,sparse,7024,True,False,False,246,19.68,68.66161362532745,1.8390402100965513,0.9777791133067026,64.03414732719794
modified_fly,sparse,7025,True,False,False,242,19.36,66.18752607423272,2.4020378726955003,0.9760465194882395,63.58140563854008
modified_fly,sparse,7026,True,False,False,319,25.52,91.8401974255889,2.0701509061275436,0.9799025761967355,63.729152316227555
modified_fly,sparse,7027,True,False,False,204,16.32,61.51822534787026,4.5353428733929935,0.9793018654177034,63.57451011175655
modified_fly,sparse,7028,True,False,False,225,18.0,64.91170553264982,1.3324441822437763,0.9808490237127395,65.30711129825148
modified_fly,sparse,7029,True,False,False,308,24.64,87.52207412062084,1.2599140042409585,0.9771840010039323,63.63116992431898
classical_vfh,sparse,7000,True,False,False,156,12.48,48.895031145223705,0.8721751192126384,0.9779006229044741,58.579488839500414
classical_vfh,sparse,7001,True,False,False,153,12.24,48.92049125131497,1.2397551142345788,0.9784098250262994,56.64182842094329
classical_vfh,sparse,7002,True,False,False,211,16.88,48.930682646404826,0.11777121897559839,0.9786136529280965,56.34929113072383
classical_vfh,sparse,7003,True,False,False,220,17.6,49.086138975614965,0.09230624111457342,0.9817227795122992,56.61090809470889
classical_vfh,sparse,7004,True,False,False,153,12.24,48.96000000000004,4.657505694969133,0.9792000000000008,56.00522835343297
classical_vfh,sparse,7005,True,False,False,212,16.96,49.31940843565707,0.015777481333923538,0.9783440991182205,56.6622650883389
classical_vfh,sparse,7006,True,False,False,153,12.24,48.96000000000004,5.8395316994362005,0.9792000000000008,56.69934653031816
classical_vfh,sparse,7007,True,False,False,155,12.4,48.937371934632,0.9279151159553449,0.9787474386926399,55.85419280724901
classical_vfh,sparse,7008,True,False,False,289,23.12,49.75318245537058,0.026872363005808975,0.9816560490721269,57.13183389312771
classical_vfh,sparse,7009,True,False,False,225,18.0,48.9696644376065,0.12022734469169194,0.9793932887521299,56.45288917649951
classical_vfh,sparse,7010,True,False,False,153,12.24,48.96000000000004,3.1706673771476246,0.9792000000000008,56.341828038806426
classical_vfh,sparse,7011,True,False,False,230,18.400000000000002,50.0137547697209,0.017702025113050635,0.9769738622114263,58.70869702092655
classical_vfh,sparse,7012,True,False,False,216,17.28,49.377237413724245,0.01655634291154362,0.9778840162263858,56.57268478966284
classical_vfh,sparse,7013,True,False,False,153,12.24,48.96000000000004,3.0276704111173283,0.9792000000000008,56.58823609492114
classical_vfh,sparse,7014,True,False,False,163,13.040000000000001,49.1044523678011,0.582741366998059,0.982089047356022,55.97914151270285
classical_vfh,sparse,7015,True,False,False,260,20.8,49.577047047755784,0.027430393183245805,0.9808043142997966,56.572691447889575
classical_vfh,sparse,7016,True,False,False,226,18.080000000000002,49.43016068524103,0.019574932353598307,0.9803044843204437,56.934070209890145
classical_vfh,sparse,7017,True,False,False,156,12.48,48.81774069589672,0.8184792572895818,0.9763548139179343,57.8666671898622
classical_vfh,sparse,7018,True,False,False,294,23.52,50.03513329236203,0.016640002164210355,0.9762953720427126,56.2234693579059
classical_vfh,sparse,7019,True,False,False,210,16.8,49.407995768630876,0.048646229621780446,0.9816696903647746,56.613332846955885
classical_vfh,sparse,7020,True,False,False,212,16.96,49.21721088171762,0.04951791201765543,0.9770264190137026,57.254716938466956
classical_vfh,sparse,7021,True,False,False,193,15.44,49.45763294344071,0.21798481786489732,0.9787554113735646,56.11347157020759
classical_vfh,sparse,7022,True,False,False,153,12.24,48.96000000000004,1.4856387497899413,0.9792000000000008,56.80065315971577
classical_vfh,sparse,7023,True,False,False,218,17.44,49.19997043083395,0.037503194762670056,0.9774456084231613,55.94266158285115
classical_vfh,sparse,7024,True,False,False,213,17.04,49.448733611719376,0.031012652525782336,0.9787042838539134,58.17370931399295
classical_vfh,sparse,7025,True,False,False,205,16.4,49.314529630997185,0.10503162334211158,0.9792826521104673,57.81951249667966
classical_vfh,sparse,7026,True,False,False,215,17.2,49.35137506000367,0.07914139946159571,0.9807377120859695,56.20604632747208
classical_vfh,sparse,7027,True,False,False,235,18.8,50.503716697730475,0.01739791483503428,0.9815179335874764,56.96723361479792
classical_vfh,sparse,7028,True,False,False,249,19.92,49.5549763916028,0.01988110957147793,0.98138708112905,56.441766247302894
classical_vfh,sparse,7029,True,False,False,255,20.400000000000002,49.893781778697495,0.017187690253817944,0.9783345888821412,57.103136536099164
fly_connectome,cluttered,7000,False,False,True,650,52.0,150.40855126233402,1.569698505317752,0.9538155758187855,60.1781535302647
fly_connectome,cluttered,7001,True,False,False,357,28.560000000000002,75.75708001125734,0.20949280655582259,0.9765237716374733,60.61204378453999
fly_connectome,cluttered,7002,True,False,False,620,49.6,129.65717992238044,0.19520665861183994,0.9817303346738342,63.228549251723436
fly_connectome,cluttered,7003,True,False,False,345,27.6,69.39670790646362,1.1605084294844377,0.9795177701641511,61.1886954056504
fly_connectome,cluttered,7004,True,False,False,441,35.28,92.28053467870609,0.9370775333250032,0.9773398970621713,60.0126987590313
fly_connectome,cluttered,7005,True,False,False,368,29.44,79.25571298507008,1.4866890579510617,0.9776151498477526,59.77527128023844
fly_connectome,cluttered,7006,True,False,False,584,46.72,116.69244232033952,0.08558824167569679,0.9768940744734539,61.382192317779136
fly_connectome,cluttered,7007,True,False,False,266,21.28,61.88579488067385,2.8759427817324266,0.977161949033979,59.820676709987445
fly_connectome,cluttered,7008,True,False,False,480,38.4,93.80917529045023,0.11095999418518843,0.9803925630459634,61.889999536409356
fly_connectome,cluttered,7009,True,False,False,339,27.12,66.3730296930571,1.2994725162760963,0.9778844598704651,59.09793455274583
fly_connectome,cluttered,7010,True,False,False,393,31.44,75.82247317886643,0.5082803204785935,0.9789393979046482,60.85801493428629
fly_connectome,cluttered,7011,False,False,True,650,52.0,134.2687368714841,0.5042086363065854,0.35272943974680426,61.11492335688896
fly_connectome,cluttered,7012,False,False,True,650,52.0,132.1476471848175,0.7329800945498466,0.8789362273129815,61.779076976773254
fly_connectome,cluttered,7013,False,False,True,650,52.0,157.57073483937455,3.1803075420299414,0.9247849484471233,60.47861561035881
fly_connectome,cluttered,7014,True,False,False,556,44.480000000000004,115.37662100772656,0.25217127517157367,0.976760720238577,60.78848924752486
fly_connectome,cluttered,7015,True,False,False,363,29.04,76.21339043030552,1.6748264728961209,0.977234932366452,59.6550967064545
fly_connectome,cluttered,7016,True,False,False,369,29.52,73.42522161586017,1.3561624385073465,0.9762815275530939,59.85203277645254
fly_connectome,cluttered,7017,True,False,False,319,25.52,68.94213681900244,1.0069175470764675,0.9777869180769884,59.71222585300713
fly_connectome,cluttered,7018,True,False,False,557,44.56,105.05925977397163,0.06375856904229504,0.9763923962996557,62.173609270695835
fly_connectome,cluttered,7019,True,False,False,413,33.04,81.64820013830905,0.686305745735275,0.9778901214169823,61.98159808836444
fly_connectome,cluttered,7020,True,False,False,328,26.240000000000002,69.61177015014869,2.7029997446405054,0.9761974757168738,60.31311097946699
fly_connectome,cluttered,7021,True,False,False,269,21.52,59.35503362782919,4.229687741535767,0.9768273216136394,60.43828905258868
fly_connectome,cluttered,7022,True,False,False,346,27.68,69.56121742576005,0.4579882713320873,0.9782883246805212,60.178902632061586
fly_connectome,cluttered,7023,True,False,False,521,41.68,107.05135974046617,0.19979978500596784,0.976150072349855,61.286563963598915
fly_connectome,cluttered,7024,True,False,False,568,45.44,119.86010086062701,0.9547514506126782,0.9766751315210405,59.99647825300484
fly_connectome,cluttered,7025,True,False,False,412,32.96,85.46111618030237,1.1573166693545005,0.9764001683347787,60.25437097793029
fly_connectome,cluttered,7026,True,False,False,505,40.4,101.0459198741622,0.7337054397010185,0.9788253351128166,59.36237567307261
fly_connectome,cluttered,7027,True,False,False,478,38.24,92.02702467944016,0.48297970565064485,0.9789946356965954,60.83744741483323
fly_connectome,cluttered,7028,True,False,False,562,44.96,117.11270990321017,0.8972905980559238,0.97852828961155,59.62473382382883
fly_connectome,cluttered,7029,True,False,False,331,26.48,66.48600390258608,0.518811540146864,0.976542786579574,59.7658623227979
modified_fly,cluttered,7000,True,False,False,518,41.44,141.21528254191438,1.868729478120391,0.9778983005003438,63.52741372165662
modified_fly,cluttered,7001,True,False,False,240,19.2,66.98506889042785,1.6004448086165692,0.978718105238908,64.39874911545
modified_fly,cluttered,7002,True,False,False,227,18.16,61.31572873393994,2.3989004697226806,0.9766292594899973,64.7828209835478
modified_fly,cluttered,7003,True,False,False,266,21.28,69.62046828071968,1.9351296846542798,0.9790484786315905,63.55789618713683
modified_fly,cluttered,7004,True,False,False,258,20.64,69.41991642817877,0.6659631362852276,0.977427776316355,63.15038643701565
modified_fly,cluttered,7005,True,False,False,250,20.0,66.42107727099115,0.9534046169511012,0.9796489028003403,63.347599818371236
modified_fly,cluttered,7006,True,False,False,297,23.76,73.5288702030161,1.7476396225317057,0.9768271281346074,63.904039095303276
modified_fly,cluttered,7007,True,False,False,216,17.28,62.0226079322426,3.2791647382001945,0.9779047152607622,63.041666079597135
modified_fly,cluttered,7008,True,False,False,302,24.16,70.15217509298414,0.24710084755967832,0.9782199565722312,64.48145655511156
modified_fly,cluttered,7009,True,False,False,239,19.12,62.88119929753262,1.7738530610684702,0.9767421665548679,64.27154749647468
modified_fly,cluttered,7010,True,False,False,306,24.48,70.89146635834153,0.9238877960698408,0.9793064330595898,64.52385523338236
modified_fly,cluttered,7011,False,False,True,650,52.0,154.34856467699814,0.13290833008467517,0.931523136809716,64.59846165783416
modified_fly,cluttered,7012,True,False,False,293,23.44,70.92723046192877,0.5487300692257788,0.9785097468778994,65.76962395548922
modified_fly,cluttered,7013,True,False,False,215,17.2,59.15371516405981,3.2766439558986455,0.980082812983567,64.33441763917027
modified_fly,cluttered,7014,True,False,False,268,21.44,67.610723621154,0.3006789541571253,0.9784410800027639,65.73843364013054
modified_fly,cluttered,7015,True,False,False,255,20.400000000000002,64.83553644880894,2.7293182631838784,0.9762085250408127,65.45490217760351
modified_fly,cluttered,7016,True,False,False,302,24.16,73.83687992291252,1.3105595422169738,0.9807236552178016,63.615232792417736
modified_fly,cluttered,7017,False,True,False,167,13.36,34.72556510616503,0.026397525624475282,0.5135868471311451,63.7604783199906
modified_fly,cluttered,7018,True,False,False,235,18.8,60.838097801899906,1.9545914804735562,0.9776098429806254,64.1617013706251
modified_fly,cluttered,7019,True,False,False,290,23.2,71.43435403963765,0.819635509883333,0.9806196733682068,66.74965592663222
modified_fly,cluttered,7020,True,False,False,255,20.400000000000002,69.98249576269765,2.71736121175627,0.9780260866995035,64.81176527563994
modified_fly,cluttered,7021,True,False,False,218,17.44,58.98809318565128,3.8705442495470446,0.9772850308273221,64.4825685154134
modified_fly,cluttered,7022,True,False,False,282,22.56,71.83332053903436,0.5947353646827813,0.9773107679955498,63.59716334895409
modified_fly,cluttered,7023,True,False,False,346,27.68,77.48437848004211,0.2468675658323618,0.9772254589555043,64.86705211300747
modified_fly,cluttered,7024,True,False,False,390,31.2,90.95629893103903,0.0741022363988666,0.9788387910587306,64.89102580906966
modified_fly,cluttered,7025,True,False,False,293,23.44,67.69540115620048,0.29892408527907,0.9774264491166706,64.59999981307688
modified_fly,cluttered,7026,True,False,False,349,27.92,76.37635132699774,0.0785669136013083,0.9800787959063723,63.72492800781605
modified_fly,cluttered,7027,True,False,False,224,17.92,61.71212673852559,2.5611317148761215,0.9801272247661711,63.54955166898435
modified_fly,cluttered,7028,True,False,False,225,18.0,62.25946375401228,2.1623327628101743,0.9794292655080887,63.6111124832597
modified_fly,cluttered,7029,True,False,False,231,18.48,62.29244789393748,1.1543324533116115,0.9797006146868982,63.500433628048214
classical_vfh,cluttered,7000,True,False,False,275,22.0,49.70760042119928,0.022427609967352824,0.9788247341925563,56.979272260584615
classical_vfh,cluttered,7001,True,False,False,291,23.28,49.66583078485355,0.0357543505388338,0.9785437918493902,56.854638937521486
classical_vfh,cluttered,7002,True,False,False,276,22.080000000000002,49.58479698192413,0.022528078516829808,0.980853215183954,57.66231924349415
classical_vfh,cluttered,7003,True,False,False,220,17.6,49.086138975614965,0.09230624111457342,0.9817227795122992,57.05590896964581
classical_vfh,cluttered,7004,True,False,False,205,16.4,49.33941262094759,0.04145270247789545,0.9814012366469211,59.01512212869598
classical_vfh,cluttered,7005,True,False,False,227,18.16,49.31838926509387,0.03799351182241395,0.9783152179981615,56.470044665982215
classical_vfh,cluttered,7006,True,False,False,205,16.4,49.26900335044927,0.06834737871367236,0.9780812116567711,57.17365888924134
classical_vfh,cluttered,7007,True,False,False,158,12.64,48.87778846005736,0.7948042959326589,0.9775557692011472,57.91582464818147
classical_vfh,cluttered,7008,True,False,False,328,26.240000000000002,52.53035360158293,0.016438889013636437,0.9775942837060265,56.89451205487386
classical_vfh,cluttered,7009,True,False,False,225,18.0,48.9696644376065,0.12022734469169194,0.9793932887521299,57.72888893261552
classical_vfh,cluttered,7010,True,False,False,234,18.72,49.26627890870391,0.03555457279992558,0.9780143222453135,56.89829102375059
classical_vfh,cluttered,7011,True,False,False,275,22.0,51.71096985813396,0.011712391674237654,0.9812759781275607,62.162908619608395
classical_vfh,cluttered,7012,True,False,False,216,17.28,49.377237413724245,0.01655634291154362,0.9778840162263858,57.219906954776015
classical_vfh,cluttered,7013,True,False,False,210,16.8,49.23933633449851,0.05484998820504905,0.9778332987600996,59.13190418920879
classical_vfh,cluttered,7014,True,False,False,304,24.32,49.39048113304037,0.022648046338512806,0.9818404564936103,59.56907874573708
classical_vfh,cluttered,7015,True,False,False,332,26.560000000000002,49.83914766670239,0.022396309476206522,0.9819989793970354,57.448192074591944
classical_vfh,cluttered,7016,True,False,False,252,20.16,49.43512996723994,0.07070699423129989,0.980463770794827,56.698016585811736
classical_vfh,cluttered,7017,True,False,False,289,23.12,49.48793684934568,0.09517660424573582,0.9811193069860417,56.45674798769754
classical_vfh,cluttered,7018,True,False,False,295,23.6,50.044034174844,0.014582344939467973,0.9764561866911873,57.5349153161554
classical_vfh,cluttered,7019,True,False,False,210,16.8,49.407995768630876,0.048646229621780446,0.9816696903647746,56.23047569921861
classical_vfh,cluttered,7020,True,False,False,242,19.36,49.220924173882175,0.051786720926955354,0.9772716380716185,57.01115602157887
classical_vfh,cluttered,7021,True,False,False,193,15.44,49.45763294344071,0.21798481786489732,0.9787554113735646,56.81657879565085
classical_vfh,cluttered,7022,True,False,False,222,17.76,49.62936465826194,0.01652333332297573,0.9802640073318952,57.79864905225868
classical_vfh,cluttered,7023,True,False,False,227,18.16,49.87775627023833,0.013390420631387734,0.9761853624403223,56.258149164019045
classical_vfh,cluttered,7024,True,False,False,368,29.44,49.3863043880231,0.021119155374939247,0.9775154095640096,56.862499901478216
classical_vfh,cluttered,7025,True,False,False,227,18.16,49.67099973499788,0.10503162334211158,0.9794868122125117,56.104845057614966
classical_vfh,cluttered,7026,True,False,False,226,18.080000000000002,49.34832199067436,0.08026128007962363,0.980656641542034,60.75398053817319
classical_vfh,cluttered,7027,True,False,False,235,18.8,50.503716697730475,0.01739791483503428,0.9815179335874764,56.94510727288558
classical_vfh,cluttered,7028,True,False,False,304,24.32,49.29582007329466,0.019535323333828902,0.9769077357853858,58.56480234605873
classical_vfh,cluttered,7029,True,False,False,307,24.560000000000002,49.80838796461874,0.04581716471799657,0.9784024029230853,57.29837012810918
fly_connectome,dense,7000,True,False,False,557,44.56,101.80333740837524,0.07898157504767367,0.9779213186344419,62.1504493620367
fly_connectome,dense,7001,True,False,False,366,29.28,70.46461660298958,0.17584584553638072,0.9775302567303139,61.63032711776167
fly_connectome,dense,7002,True,False,False,415,33.2,82.8837936630055,0.6972329872824239,0.9769667254741197,61.55397571870182
fly_connectome,dense,7003,True,False,False,477,38.160000000000004,95.50651514782443,0.6448911649754829,0.9761478247952483,60.273584725717924
fly_connectome,dense,7004,False,False,True,650,52.0,121.572619352161,0.45672712005430105,0.7225346047003389,61.78430800970931
fly_connectome,dense,7005,True,False,False,577,46.160000000000004,110.0418594246745,0.5464861486145492,0.9775613260388757,62.258059257379955
fly_connectome,dense,7006,True,False,False,630,50.4,114.97744757926606,0.08558824167569679,0.9794718640292028,62.7482544615983
fly_connectome,dense,7007,True,False,False,415,33.2,85.28017000366746,1.5564433951432923,0.9760486475823086,61.72819124781583
fly_connectome,dense,7008,True,False,False,507,40.56,101.7877043322103,0.5585432891981874,0.976336498804545,61.546942401453265
fly_connectome,dense,7009,True,False,False,343,27.44,66.60008941514538,1.19435993395823,0.9779191642946758,61.59096177322546
fly_connectome,dense,7010,True,False,False,582,46.56,110.92236241476112,0.5723582571852215,0.9764684752459349,60.94175290685992
fly_connectome,dense,7011,False,False,True,650,52.0,116.49619778951507,0.03663625591625275,0.8305903076991774,62.37600030055126
fly_connectome,dense,7012,True,False,False,366,29.28,67.92286582164671,0.7764955095528245,0.9770628110210531,61.22568304474908
fly_connectome,dense,7013,True,False,False,405,32.4,74.54201761996781,0.11061864888024697,0.9780223374984023,62.13802319698404
fly_connectome,dense,7014,True,False,False,649,51.92,133.64190318340388,0.25217127517157367,0.9782115051388497,61.10785793238973
fly_connectome,dense,7015,True,False,False,637,50.96,117.83040851978556,0.2757901624871324,0.9783007206435631,62.37472492501175
fly_connectome,dense,7016,True,False,False,361,28.88,67.54537486417709,0.805579049660704,0.9762676924870846,60.38393377690186
fly_connectome,dense,7017,True,False,False,377,30.16,72.90100961676471,0.9883661666981687,0.9781970485465137,60.004509558693684
fly_connectome,dense,7018,True,False,False,477,38.160000000000004,90.51799632039763,0.2972926062535426,0.978571499810839,61.333961738468744
fly_connectome,dense,7019,True,False,False,486,38.88,85.95085129288316,0.1357247191509332,0.9783891203644861,63.87407370218279
fly_connectome,dense,7020,True,False,False,576,46.08,100.99095363468783,0.08054142971888201,0.976666135834807,62.49878379094298
fly_connectome,dense,7021,True,False,False,420,33.6,86.16456893157232,0.6975387108207691,0.9769024717544496,60.75714267180523
fly_connectome,dense,7022,True,False,False,401,32.08,74.3724532105873,0.44873462363111316,0.9761536790130818,61.65885307856294
fly_connectome,dense,7023,False,False,True,650,52.0,125.37257306454696,0.03223226161779946,0.5870730965798294,62.633538663458936
fly_connectome,dense,7024,False,False,True,650,52.0,132.94347019519745,0.9547514506126782,0.7493256810155151,61.095538504350074
fly_connectome,dense,7025,False,True,False,360,28.8,57.99681594211587,0.0036397593140997664,0.40579248625800024,63.46888751270146
fly_connectome,dense,7026,True,False,False,583,46.64,114.4076664591515,0.6586764746931923,0.9764171423144616,60.26260715136129
fly_connectome,dense,7027,True,False,False,377,30.16,74.87621860586067,1.040516198495067,0.978732514426356,60.476128253418786
fly_connectome,dense,7028,True,False,False,469,37.52,89.64057275067732,0.2833189225174202,0.9767471923539276,61.916203726071124
fly_connectome,dense,7029,False,False,True,650,52.0,115.05699101911436,0.2269223280033339,0.42981570052277074,63.394308403635826
modified_fly,dense,7000,True,False,False,413,33.04,86.905542903799,0.1068124748459156,0.9770391806527352,64.27917722217991
modified_fly,dense,7001,True,False,False,270,21.6,71.54493760793622,2.045146609634042,0.9801224397485399,63.92703669714845
modified_fly,dense,7002,True,False,False,416,33.28,92.84088796469197,0.12752432809786907,0.9789267205847638,65.09014404470621
modified_fly,dense,7003,True,False,False,417,33.36,99.35683668513686,0.4333430974629473,0.9763014165130719,64.67673834859967
modified_fly,dense,7004,True,False,False,394,31.52,89.57794140615405,0.18073782888043777,0.9786346997475811,66.42284242289736
modified_fly,dense,7005,True,False,False,286,22.88,68.62587796012147,0.3986165221403535,0.9791143177636463,65.7916079817496
modified_fly,dense,7006,True,False,False,300,24.0,69.40717223101147,0.8458574465717197,0.9807185822356788,64.50800011710574
modified_fly,dense,7007,True,False,False,332,26.560000000000002,79.78976849279555,0.5494691289062508,0.9803265890050816,67.90030023562778
modified_fly,dense,7008,True,False,False,448,35.84,92.73599919223447,0.2979801813420786,0.9782513464493542,68.21182978455909
modified_fly,dense,7009,True,False,False,239,19.12,62.788056533674,1.6652442537970964,0.9780323175507368,66.71171505335391
modified_fly,dense,7010,True,False,False,272,21.76,69.9595246248416,1.8414141038784846,0.977327813520696,63.83088111761026
modified_fly,dense,7011,True,False,False,270,21.6,68.41799260587875,1.160982521870549,0.9769394832229249,63.74814784740684
modified_fly,dense,7012,True,False,False,269,21.52,65.21903468610498,0.55586239064776,0.9775174994959477,65.0691468749874
modified_fly,dense,7013,True,False,False,325,26.0,75.879542302989,0.7728525255658718,0.976871811740418,64.67046135535034
modified_fly,dense,7014,True,False,False,452,36.160000000000004,97.27713903578984,0.11127797183261201,0.9801021079501443,64.3980081128245
modified_fly,dense,7015,True,False,False,344,27.52,86.24260832444283,0.8189753628881025,0.976515291745284,64.31744225474812
modified_fly,dense,7016,True,False,False,309,24.72,74.04168630711217,1.451405553366825,0.9800184957512509,64.43333371638842
modified_fly,dense,7017,True,False,False,270,21.6,67.20669918820128,0.7164589857138115,0.9767870361302748,64.69333300763672
modified_fly,dense,7018,True,False,False,272,21.76,66.36913969270918,0.5106647998847236,0.9771186390922979,64.98088238432126
modified_fly,dense,7019,True,False,False,337,26.96,84.7573594991414,0.8294962162463366,0.9800850379610441,64.5543031673602
modified_fly,dense,7020,True,False,False,444,35.52,95.44050150911383,0.31749916311285453,0.9786658482193765,64.5092342139079
modified_fly,dense,7021,True,False,False,241,19.28,63.24556891953577,3.1744100554461205,0.9776616693375626,64.29086989023688
modified_fly,dense,7022,True,False,False,264,21.12,62.30507007551728,0.6100005618285707,0.977377358178136,64.229544174547
modified_fly,dense,7023,True,False,False,307,24.560000000000002,67.44813210592741,0.19442967886027374,0.9763744671819837,66.27068317916961
modified_fly,dense,7024,True,False,False,398,31.84,89.10605195873995,0.0741022363988666,0.9789920535400864,65.52085483121456
modified_fly,dense,7025,True,False,False,368,29.44,81.71443557608558,0.20452729129849123,0.9784512694592625,65.09864041341326
modified_fly,dense,7026,True,False,False,346,27.68,83.76111669024868,0.6589214283330485,0.9780736104781939,64.65751471164813
modified_fly,dense,7027,True,False,False,232,18.56,62.868608557224995,2.012584021197023,0.9780849972477528,64.1853446973857
modified_fly,dense,7028,True,False,False,296,23.68,70.17893172606377,0.2509082524247561,0.9762041188102322,64.42972969395939
modified_fly,dense,7029,True,False,False,281,22.48,66.11124709699416,0.7095443174076288,0.9787057648807977,65.08362904983139
classical_vfh,dense,7000,True,False,False,314,25.12,50.124530019392424,0.022427609967352824,0.9812469404494063,56.87993582616898
classical_vfh,dense,7001,True,False,False,299,23.92,50.06357588286649,0.022544379793400626,0.9799293464857535,57.63712363242854
classical_vfh,dense,7002,True,False,False,276,22.080000000000002,49.58479698192413,0.022528078516829808,0.980853215183954,56.99347894878356
classical_vfh,dense,7003,True,False,False,269,21.52,48.82726504474784,0.0059461721254423505,0.9765453008949568,57.81747289105807
classical_vfh,dense,7004,True,False,False,325,26.0,49.5524375380364,0.018075836317620553,0.9779559245837588,57.66738510618989
classical_vfh,dense,7005,True,False,False,227,18.16,49.31838926509387,0.03799351182241395,0.9783152179981615,57.64977907503459
classical_vfh,dense,7006,True,False,False,317,25.36,50.11350052145759,0.017738384825514153,0.9815232328690459,58.288011998848916
classical_vfh,dense,7007,True,False,False,179,14.32,49.056101344619194,0.3838247007203539,0.9811220268923839,57.177095252541854
classical_vfh,dense,7008,True,False,False,273,21.84,52.64350689874067,0.18872436198163833,0.9795917831981471,56.907326394978625
classical_vfh,dense,7009,True,False,False,273,21.84,50.74543017373878,0.035786519835753205,0.977342933757377,58.246153127913786
classical_vfh,dense,7010,True,False,False,287,22.96,50.50156759523952,0.01659782055688952,0.9791724982831176,56.71846628017101
classical_vfh,dense,7011,True,False,False,279,22.32,51.786197730042026,0.014226817551675985,0.9804064390167228,59.072043217625136
classical_vfh,dense,7012,True,False,False,260,20.8,49.44114455780347,0.014639278340758732,0.977577858509105,56.666537756637595
classical_vfh,dense,7013,True,False,False,268,21.44,49.859954928771074,0.005121538771140743,0.9782680034505391,58.158208075702305
classical_vfh,dense,7014,True,False,False,304,24.32,49.39048113304037,0.022648046338512806,0.9818404564936103,57.17105283876759
classical_vfh,dense,7015,True,False,False,267,21.36,49.68170746180276,0.01873495566052652,0.9787711400339242,57.293632009314294
classical_vfh,dense,7016,True,False,False,252,20.16,49.43512996723994,0.07070699423129989,0.980463770794827,57.87420677878554
classical_vfh,dense,7017,True,False,False,310,24.8,54.634501547792695,0.04623478711364859,0.9763761064618417,58.03516063268386
classical_vfh,dense,7018,True,False,False,368,29.44,52.16603349894424,0.01651021992903967,0.9770551488688967,58.02527242770378
classical_vfh,dense,7019,True,False,False,213,17.04,49.38707124273584,0.050081889506195854,0.9816310101576933,57.394835062788474
classical_vfh,dense,7020,True,False,False,251,20.080000000000002,49.90926556489878,0.018403057524269073,0.9796880605317863,58.02151362552675
classical_vfh,dense,7021,True,False,False,262,20.96,49.362579603621185,0.034420799133310975,0.9768294761664511,57.56335842639976
classical_vfh,dense,7022,True,False,False,281,22.48,51.3175728661648,0.06112610064287072,0.9795870476750173,56.76903879167214
classical_vfh,dense,7023,True,False,False,253,20.240000000000002,50.22231582789681,0.004331384700883678,0.978325675196763,58.32608796567785
classical_vfh,dense,7024,True,False,False,368,29.44,49.3863043880231,0.021119155374939247,0.9775154095640096,57.001358784517556
classical_vfh,dense,7025,True,False,False,322,25.76,49.805354595976446,0.041190682913579746,0.9785667907135567,57.35341585689566
classical_vfh,dense,7026,True,False,False,249,19.92,49.20642469797926,0.024770374561872144,0.9814571640797,59.19076259206816
classical_vfh,dense,7027,True,False,False,339,27.12,50.302851766770885,0.01377555503111294,0.9788577992266138,57.79498473776829
classical_vfh,dense,7028,True,False,False,325,26.0,49.41257719786959,0.050889472928023594,0.9791349391909511,58.003692314601864
classical_vfh,dense,7029,True,False,False,307,24.560000000000002,49.80838796461874,0.04581716471799657,0.9784024029230853,58.72280193577711
